time,linear,angular
2024/05/01 11:06:40.988551085,"{'x': 0.125, 'y': 0.0, 'z': 0.0}","{'x': 0.0, 'y': 0.0, 'z': 0.05263157894736836}"
2024/05/01 11:06:41.38555039,"{'x': 0.24631578947368427, 'y': 0.0, 'z': 0.0}","{'x': 0.0, 'y': 0.0, 'z': 0.05263157894736836}"
2024/05/01 11:06:41.88487342,"{'x': 0.24631578947368427, 'y': 0.0, 'z': 0.0}","{'x': 0.0, 'y': 0.0, 'z': 0.05263157894736836}"
2024/05/01 11:06:41.138610478,"{'x': 0.23263157894736847, 'y': 0.0, 'z': 0.0}","{'x': 0.0, 'y': 0.0, 'z': 0.05263157894736836}"
2024/05/01 11:06:41.188481990,"{'x': 0.26, 'y': 0.0, 'z': 0.0}","{'x': 0.0, 'y': 0.0, 'z': 0.05263157894736836}"
2024/05/01 11:06:41.238551025,"{'x': 0.26, 'y': 0.0, 'z': 0.0}","{'x': 0.0, 'y': 0.0, 'z': 0.05263157894736836}"
2024/05/01 11:06:41.288529169,"{'x': 0.26, 'y': 0.0, 'z': 0.0}","{'x': 0.0, 'y': 0.0, 'z': 0.05263157894736836}"
2024/05/01 11:06:41.338525773,"{'x': 0.24631578947368427, 'y': 0.0, 'z': 0.0}","{'x': 0.0, 'y': 0.0, 'z': 0.05263157894736836}"
2024/05/01 11:06:41.388525967,"{'x': 0.23263157894736847, 'y': 0.0, 'z': 0.0}","{'x': 0.0, 'y': 0.0, 'z': 0.05263157894736836}"
2024/05/01 11:06:41.438544721,"{'x': 0.26, 'y': 0.0, 'z': 0.0}","{'x': 0.0, 'y': 0.0, 'z': 0.1578947368421052}"
2024/05/01 11:06:41.488482544,"{'x': 0.26, 'y': 0.0, 'z': 0.0}","{'x': 0.0, 'y': 0.0, 'z': 0.1578947368421052}"
2024/05/01 11:06:41.538487858,"{'x': 0.24631578947368427, 'y': 0.0, 'z': 0.0}","{'x': 0.0, 'y': 0.0, 'z': 0.1578947368421052}"
2024/05/01 11:06:41.588509743,"{'x': 0.26, 'y': 0.0, 'z': 0.0}","{'x': 0.0, 'y': 0.0, 'z': 0.1578947368421052}"
2024/05/01 11:06:41.638547067,"{'x': 0.26, 'y': 0.0, 'z': 0.0}","{'x': 0.0, 'y': 0.0, 'z': 0.1578947368421052}"
2024/05/01 11:06:41.688503521,"{'x': 0.24631578947368427, 'y': 0.0, 'z': 0.0}","{'x': 0.0, 'y': 0.0, 'z': 0.1578947368421052}"
2024/05/01 11:06:41.738568956,"{'x': 0.24631578947368427, 'y': 0.0, 'z': 0.0}","{'x': 0.0, 'y': 0.0, 'z': 0.1578947368421052}"
2024/05/01 11:06:41.788527220,"{'x': 0.26, 'y': 0.0, 'z': 0.0}","{'x': 0.0, 'y': 0.0, 'z': 0.1578947368421052}"
2024/05/01 11:06:41.838608655,"{'x': 0.26, 'y': 0.0, 'z': 0.0}","{'x': 0.0, 'y': 0.0, 'z': 0.1578947368421052}"
2024/05/01 11:06:41.888499747,"{'x': 0.26, 'y': 0.0, 'z': 0.0}","{'x': 0.0, 'y': 0.0, 'z': 0.1578947368421052}"
2024/05/01 11:06:41.938574222,"{'x': 0.26, 'y': 0.0, 'z': 0.0}","{'x': 0.0, 'y': 0.0, 'z': 0.1578947368421052}"
2024/05/01 11:06:41.988513685,"{'x': 0.26, 'y': 0.0, 'z': 0.0}","{'x': 0.0, 'y': 0.0, 'z': 0.1578947368421052}"
2024/05/01 11:06:42.38566280,"{'x': 0.23263157894736847, 'y': 0.0, 'z': 0.0}","{'x': 0.0, 'y': 0.0, 'z': 0.05263157894736836}"
2024/05/01 11:06:42.88507192,"{'x': 0.24631578947368427, 'y': 0.0, 'z': 0.0}","{'x': 0.0, 'y': 0.0, 'z': 0.05263157894736836}"
2024/05/01 11:06:42.138549686,"{'x': 0.24631578947368427, 'y': 0.0, 'z': 0.0}","{'x': 0.0, 'y': 0.0, 'z': 0.05263157894736836}"
2024/05/01 11:06:42.188531969,"{'x': 0.23263157894736847, 'y': 0.0, 'z': 0.0}","{'x': 0.0, 'y': 0.0, 'z': 0.05263157894736836}"
2024/05/01 11:06:42.238549943,"{'x': 0.23263157894736847, 'y': 0.0, 'z': 0.0}","{'x': 0.0, 'y': 0.0, 'z': 0.05263157894736836}"
2024/05/01 11:06:42.288592987,"{'x': 0.24631578947368427, 'y': 0.0, 'z': 0.0}","{'x': 0.0, 'y': 0.0, 'z': 0.05263157894736836}"
2024/05/01 11:06:42.338514819,"{'x': 0.26, 'y': 0.0, 'z': 0.0}","{'x': 0.0, 'y': 0.0, 'z': 0.1578947368421052}"
2024/05/01 11:06:42.388544932,"{'x': 0.26, 'y': 0.0, 'z': 0.0}","{'x': 0.0, 'y': 0.0, 'z': 0.1578947368421052}"
2024/05/01 11:06:42.438564135,"{'x': 0.23263157894736847, 'y': 0.0, 'z': 0.0}","{'x': 0.0, 'y': 0.0, 'z': 0.05263157894736836}"
2024/05/01 11:06:42.488510138,"{'x': 0.24631578947368427, 'y': 0.0, 'z': 0.0}","{'x': 0.0, 'y': 0.0, 'z': 0.05263157894736836}"
2024/05/01 11:06:42.538569372,"{'x': 0.24631578947368427, 'y': 0.0, 'z': 0.0}","{'x': 0.0, 'y': 0.0, 'z': 0.05263157894736836}"
2024/05/01 11:06:42.588570516,"{'x': 0.23263157894736847, 'y': 0.0, 'z': 0.0}","{'x': 0.0, 'y': 0.0, 'z': 0.05263157894736836}"
2024/05/01 11:06:42.638582379,"{'x': 0.23263157894736847, 'y': 0.0, 'z': 0.0}","{'x': 0.0, 'y': 0.0, 'z': 0.05263157894736836}"
2024/05/01 11:06:42.688514491,"{'x': 0.24631578947368427, 'y': 0.0, 'z': 0.0}","{'x': 0.0, 'y': 0.0, 'z': 0.05263157894736836}"
2024/05/01 11:06:42.738603096,"{'x': 0.24631578947368427, 'y': 0.0, 'z': 0.0}","{'x': 0.0, 'y': 0.0, 'z': 0.05263157894736836}"
2024/05/01 11:06:42.788526848,"{'x': 0.23263157894736847, 'y': 0.0, 'z': 0.0}","{'x': 0.0, 'y': 0.0, 'z': 0.05263157894736836}"
2024/05/01 11:06:42.838560561,"{'x': 0.23263157894736847, 'y': 0.0, 'z': 0.0}","{'x': 0.0, 'y': 0.0, 'z': 0.05263157894736836}"
2024/05/01 11:06:42.888525104,"{'x': 0.24631578947368427, 'y': 0.0, 'z': 0.0}","{'x': 0.0, 'y': 0.0, 'z': 0.05263157894736836}"
2024/05/01 11:06:42.938562398,"{'x': 0.24631578947368427, 'y': 0.0, 'z': 0.0}","{'x': 0.0, 'y': 0.0, 'z': 0.05263157894736836}"
2024/05/01 11:06:42.988507570,"{'x': 0.23263157894736847, 'y': 0.0, 'z': 0.0}","{'x': 0.0, 'y': 0.0, 'z': 0.05263157894736836}"
2024/05/01 11:06:43.38551774,"{'x': 0.23263157894736847, 'y': 0.0, 'z': 0.0}","{'x': 0.0, 'y': 0.0, 'z': 0.05263157894736836}"
2024/05/01 11:06:43.88563547,"{'x': 0.24631578947368427, 'y': 0.0, 'z': 0.0}","{'x': 0.0, 'y': 0.0, 'z': 0.05263157894736836}"
2024/05/01 11:06:43.138592469,"{'x': 0.24631578947368427, 'y': 0.0, 'z': 0.0}","{'x': 0.0, 'y': 0.0, 'z': 0.05263157894736836}"
2024/05/01 11:06:43.188554291,"{'x': 0.23263157894736847, 'y': 0.0, 'z': 0.0}","{'x': 0.0, 'y': 0.0, 'z': 0.05263157894736836}"
2024/05/01 11:06:43.238562314,"{'x': 0.26, 'y': 0.0, 'z': 0.0}","{'x': 0.0, 'y': 0.0, 'z': 0.05263157894736836}"
2024/05/01 11:06:43.288549616,"{'x': 0.26, 'y': 0.0, 'z': 0.0}","{'x': 0.0, 'y': 0.0, 'z': 0.05263157894736836}"
2024/05/01 11:06:43.338566849,"{'x': 0.24631578947368427, 'y': 0.0, 'z': 0.0}","{'x': 0.0, 'y': 0.0, 'z': 0.05263157894736836}"
2024/05/01 11:06:43.388535950,"{'x': 0.23263157894736847, 'y': 0.0, 'z': 0.0}","{'x': 0.0, 'y': 0.0, 'z': 0.05263157894736836}"
2024/05/01 11:06:43.438607894,"{'x': 0.26, 'y': 0.0, 'z': 0.0}","{'x': 0.0, 'y': 0.0, 'z': 0.05263157894736836}"
2024/05/01 11:06:43.488512705,"{'x': 0.24631578947368427, 'y': 0.0, 'z': 0.0}","{'x': 0.0, 'y': 0.0, 'z': 0.05263157894736836}"
2024/05/01 11:06:43.538606119,"{'x': 0.24631578947368427, 'y': 0.0, 'z': 0.0}","{'x': 0.0, 'y': 0.0, 'z': 0.05263157894736836}"
2024/05/01 11:06:43.588568081,"{'x': 0.23263157894736847, 'y': 0.0, 'z': 0.0}","{'x': 0.0, 'y': 0.0, 'z': 0.05263157894736836}"
2024/05/01 11:06:43.638597603,"{'x': 0.26, 'y': 0.0, 'z': 0.0}","{'x': 0.0, 'y': 0.0, 'z': 0.05263157894736836}"
2024/05/01 11:06:43.688521515,"{'x': 0.24631578947368427, 'y': 0.0, 'z': 0.0}","{'x': 0.0, 'y': 0.0, 'z': 0.05263157894736836}"
2024/05/01 11:06:43.738520517,"{'x': 0.24631578947368427, 'y': 0.0, 'z': 0.0}","{'x': 0.0, 'y': 0.0, 'z': 0.05263157894736836}"
2024/05/01 11:06:43.788572760,"{'x': 0.26, 'y': 0.0, 'z': 0.0}","{'x': 0.0, 'y': 0.0, 'z': 0.05263157894736836}"
2024/05/01 11:06:43.838585753,"{'x': 0.26, 'y': 0.0, 'z': 0.0}","{'x': 0.0, 'y': 0.0, 'z': 0.05263157894736836}"
2024/05/01 11:06:43.888568445,"{'x': 0.24631578947368427, 'y': 0.0, 'z': 0.0}","{'x': 0.0, 'y': 0.0, 'z': 0.05263157894736836}"
2024/05/01 11:06:43.938593638,"{'x': 0.24631578947368427, 'y': 0.0, 'z': 0.0}","{'x': 0.0, 'y': 0.0, 'z': 0.05263157894736836}"
2024/05/01 11:06:43.988566650,"{'x': 0.26, 'y': 0.0, 'z': 0.0}","{'x': 0.0, 'y': 0.0, 'z': 0.05263157894736836}"
2024/05/01 11:06:44.38587422,"{'x': 0.26, 'y': 0.0, 'z': 0.0}","{'x': 0.0, 'y': 0.0, 'z': 0.05263157894736836}"
2024/05/01 11:06:44.88616504,"{'x': 0.24631578947368427, 'y': 0.0, 'z': 0.0}","{'x': 0.0, 'y': 0.0, 'z': 0.05263157894736836}"
2024/05/01 11:06:44.138670287,"{'x': 0.24631578947368427, 'y': 0.0, 'z': 0.0}","{'x': 0.0, 'y': 0.0, 'z': 0.05263157894736836}"
2024/05/01 11:06:44.188515916,"{'x': 0.26, 'y': 0.0, 'z': 0.0}","{'x': 0.0, 'y': 0.0, 'z': 0.05263157894736836}"
2024/05/01 11:06:44.238597169,"{'x': 0.26, 'y': 0.0, 'z': 0.0}","{'x': 0.0, 'y': 0.0, 'z': 0.05263157894736836}"
2024/05/01 11:06:44.288523909,"{'x': 0.26, 'y': 0.0, 'z': 0.0}","{'x': 0.0, 'y': 0.0, 'z': 0.05263157894736836}"
2024/05/01 11:06:44.338623792,"{'x': 0.24631578947368427, 'y': 0.0, 'z': 0.0}","{'x': 0.0, 'y': 0.0, 'z': 0.05263157894736836}"
2024/05/01 11:06:44.388535582,"{'x': 0.23263157894736847, 'y': 0.0, 'z': 0.0}","{'x': 0.0, 'y': 0.0, 'z': 0.05263157894736836}"
2024/05/01 11:06:44.438606175,"{'x': 0.26, 'y': 0.0, 'z': 0.0}","{'x': 0.0, 'y': 0.0, 'z': 0.05263157894736836}"
2024/05/01 11:06:44.488540046,"{'x': 0.26, 'y': 0.0, 'z': 0.0}","{'x': 0.0, 'y': 0.0, 'z': 0.05263157894736836}"
2024/05/01 11:06:44.538578008,"{'x': 0.24631578947368427, 'y': 0.0, 'z': 0.0}","{'x': 0.0, 'y': 0.0, 'z': 0.1578947368421052}"
2024/05/01 11:06:44.588576599,"{'x': 0.24631578947368427, 'y': 0.0, 'z': 0.0}","{'x': 0.0, 'y': 0.0, 'z': 0.1578947368421052}"
2024/05/01 11:06:44.638592482,"{'x': 0.26, 'y': 0.0, 'z': 0.0}","{'x': 0.0, 'y': 0.0, 'z': 0.1578947368421052}"
2024/05/01 11:06:44.688538432,"{'x': 0.26, 'y': 0.0, 'z': 0.0}","{'x': 0.0, 'y': 0.0, 'z': 0.26315789473684204}"
2024/05/01 11:06:44.738563374,"{'x': 0.26, 'y': 0.0, 'z': 0.0}","{'x': 0.0, 'y': 0.0, 'z': 0.1578947368421052}"
2024/05/01 11:06:44.788559706,"{'x': 0.24631578947368427, 'y': 0.0, 'z': 0.0}","{'x': 0.0, 'y': 0.0, 'z': 0.1578947368421052}"
2024/05/01 11:06:44.838579707,"{'x': 0.23263157894736847, 'y': 0.0, 'z': 0.0}","{'x': 0.0, 'y': 0.0, 'z': 0.1578947368421052}"
2024/05/01 11:06:44.888525998,"{'x': 0.23263157894736847, 'y': 0.0, 'z': 0.0}","{'x': 0.0, 'y': 0.0, 'z': 0.1578947368421052}"
2024/05/01 11:06:44.938564700,"{'x': 0.21894736842105267, 'y': 0.0, 'z': 0.0}","{'x': 0.0, 'y': 0.0, 'z': 0.1578947368421052}"
2024/05/01 11:06:44.988550122,"{'x': 0.21894736842105267, 'y': 0.0, 'z': 0.0}","{'x': 0.0, 'y': 0.0, 'z': 0.1578947368421052}"
2024/05/01 11:06:45.38635985,"{'x': 0.20526315789473687, 'y': 0.0, 'z': 0.0}","{'x': 0.0, 'y': 0.0, 'z': 0.1578947368421052}"
2024/05/01 11:06:45.88543563,"{'x': 0.20526315789473687, 'y': 0.0, 'z': 0.0}","{'x': 0.0, 'y': 0.0, 'z': 0.1578947368421052}"
2024/05/01 11:06:45.138682577,"{'x': 0.19157894736842107, 'y': 0.0, 'z': 0.0}","{'x': 0.0, 'y': 0.0, 'z': 0.1578947368421052}"
2024/05/01 11:06:45.188587186,"{'x': 0.19157894736842107, 'y': 0.0, 'z': 0.0}","{'x': 0.0, 'y': 0.0, 'z': 0.1578947368421052}"
2024/05/01 11:06:45.238605477,"{'x': 0.26, 'y': 0.0, 'z': 0.0}","{'x': 0.0, 'y': 0.0, 'z': 0.05263157894736836}"
2024/05/01 11:06:45.288525646,"{'x': 0.26, 'y': 0.0, 'z': 0.0}","{'x': 0.0, 'y': 0.0, 'z': 0.05263157894736836}"
2024/05/01 11:06:45.338551788,"{'x': 0.26, 'y': 0.0, 'z': 0.0}","{'x': 0.0, 'y': 0.0, 'z': 0.05263157894736836}"
2024/05/01 11:06:45.388530398,"{'x': 0.24631578947368427, 'y': 0.0, 'z': 0.0}","{'x': 0.0, 'y': 0.0, 'z': 0.05263157894736836}"
2024/05/01 11:06:45.438559319,"{'x': 0.24631578947368427, 'y': 0.0, 'z': 0.0}","{'x': 0.0, 'y': 0.0, 'z': 0.05263157894736836}"
2024/05/01 11:06:45.488564360,"{'x': 0.26, 'y': 0.0, 'z': 0.0}","{'x': 0.0, 'y': 0.0, 'z': 0.0}"
2024/05/01 11:06:45.538583551,"{'x': 0.26, 'y': 0.0, 'z': 0.0}","{'x': 0.0, 'y': 0.0, 'z': 0.0}"
2024/05/01 11:06:45.588580492,"{'x': 0.24631578947368427, 'y': 0.0, 'z': 0.0}","{'x': 0.0, 'y': 0.0, 'z': 0.0}"
2024/05/01 11:06:45.638567813,"{'x': 0.23263157894736847, 'y': 0.0, 'z': 0.0}","{'x': 0.0, 'y': 0.0, 'z': 0.0}"
2024/05/01 11:06:45.688520022,"{'x': 0.26, 'y': 0.0, 'z': 0.0}","{'x': 0.0, 'y': 0.0, 'z': -0.052631578947368474}"
2024/05/01 11:06:45.739156134,"{'x': 0.26, 'y': 0.0, 'z': 0.0}","{'x': 0.0, 'y': 0.0, 'z': -0.052631578947368474}"
2024/05/01 11:06:45.788547064,"{'x': 0.24631578947368427, 'y': 0.0, 'z': 0.0}","{'x': 0.0, 'y': 0.0, 'z': -0.052631578947368474}"
2024/05/01 11:06:45.838663877,"{'x': 0.23263157894736847, 'y': 0.0, 'z': 0.0}","{'x': 0.0, 'y': 0.0, 'z': -0.052631578947368474}"
2024/05/01 11:06:45.888554096,"{'x': 0.26, 'y': 0.0, 'z': 0.0}","{'x': 0.0, 'y': 0.0, 'z': -0.052631578947368474}"
2024/05/01 11:06:45.938621428,"{'x': 0.24631578947368427, 'y': 0.0, 'z': 0.0}","{'x': 0.0, 'y': 0.0, 'z': -0.052631578947368474}"
2024/05/01 11:06:45.988573678,"{'x': 0.24631578947368427, 'y': 0.0, 'z': 0.0}","{'x': 0.0, 'y': 0.0, 'z': -0.052631578947368474}"
2024/05/01 11:06:46.38617259,"{'x': 0.23263157894736847, 'y': 0.0, 'z': 0.0}","{'x': 0.0, 'y': 0.0, 'z': -0.052631578947368474}"
2024/05/01 11:06:46.88579598,"{'x': 0.26, 'y': 0.0, 'z': 0.0}","{'x': 0.0, 'y': 0.0, 'z': -0.052631578947368474}"
2024/05/01 11:06:46.138637889,"{'x': 0.24631578947368427, 'y': 0.0, 'z': 0.0}","{'x': 0.0, 'y': 0.0, 'z': -0.052631578947368474}"
2024/05/01 11:06:46.188553957,"{'x': 0.24631578947368427, 'y': 0.0, 'z': 0.0}","{'x': 0.0, 'y': 0.0, 'z': -0.052631578947368474}"
2024/05/01 11:06:46.238606038,"{'x': 0.26, 'y': 0.0, 'z': 0.0}","{'x': 0.0, 'y': 0.0, 'z': -0.052631578947368474}"
2024/05/01 11:06:46.288621949,"{'x': 0.26, 'y': 0.0, 'z': 0.0}","{'x': 0.0, 'y': 0.0, 'z': -0.052631578947368474}"
2024/05/01 11:06:46.338593338,"{'x': 0.24631578947368427, 'y': 0.0, 'z': 0.0}","{'x': 0.0, 'y': 0.0, 'z': -0.052631578947368474}"
2024/05/01 11:06:46.388581318,"{'x': 0.24631578947368427, 'y': 0.0, 'z': 0.0}","{'x': 0.0, 'y': 0.0, 'z': -0.052631578947368474}"
2024/05/01 11:06:46.438616338,"{'x': 0.26, 'y': 0.0, 'z': 0.0}","{'x': 0.0, 'y': 0.0, 'z': -0.052631578947368474}"
2024/05/01 11:06:46.488550637,"{'x': 0.26, 'y': 0.0, 'z': 0.0}","{'x': 0.0, 'y': 0.0, 'z': -0.052631578947368474}"
2024/05/01 11:06:46.538636498,"{'x': 0.24631578947368427, 'y': 0.0, 'z': 0.0}","{'x': 0.0, 'y': 0.0, 'z': -0.052631578947368474}"
2024/05/01 11:06:46.588558637,"{'x': 0.24631578947368427, 'y': 0.0, 'z': 0.0}","{'x': 0.0, 'y': 0.0, 'z': -0.052631578947368474}"
2024/05/01 11:06:46.638646038,"{'x': 0.26, 'y': 0.0, 'z': 0.0}","{'x': 0.0, 'y': 0.0, 'z': -0.052631578947368474}"
2024/05/01 11:06:46.688562367,"{'x': 0.26, 'y': 0.0, 'z': 0.0}","{'x': 0.0, 'y': 0.0, 'z': -0.052631578947368474}"
2024/05/01 11:06:46.738670989,"{'x': 0.26, 'y': 0.0, 'z': 0.0}","{'x': 0.0, 'y': 0.0, 'z': -0.052631578947368474}"
2024/05/01 11:06:46.788580077,"{'x': 0.24631578947368427, 'y': 0.0, 'z': 0.0}","{'x': 0.0, 'y': 0.0, 'z': -0.052631578947368474}"
2024/05/01 11:06:46.838617788,"{'x': 0.24631578947368427, 'y': 0.0, 'z': 0.0}","{'x': 0.0, 'y': 0.0, 'z': -0.052631578947368474}"
2024/05/01 11:06:46.888576937,"{'x': 0.26, 'y': 0.0, 'z': 0.0}","{'x': 0.0, 'y': 0.0, 'z': -0.052631578947368474}"
2024/05/01 11:06:46.938693899,"{'x': 0.26, 'y': 0.0, 'z': 0.0}","{'x': 0.0, 'y': 0.0, 'z': -0.052631578947368474}"
2024/05/01 11:06:46.988586017,"{'x': 0.24631578947368427, 'y': 0.0, 'z': 0.0}","{'x': 0.0, 'y': 0.0, 'z': -0.052631578947368474}"
2024/05/01 11:06:47.38613257,"{'x': 0.23263157894736847, 'y': 0.0, 'z': 0.0}","{'x': 0.0, 'y': 0.0, 'z': -0.052631578947368474}"
2024/05/01 11:06:47.88549325,"{'x': 0.26, 'y': 0.0, 'z': 0.0}","{'x': 0.0, 'y': 0.0, 'z': -0.052631578947368474}"
2024/05/01 11:06:47.138610505,"{'x': 0.26, 'y': 0.0, 'z': 0.0}","{'x': 0.0, 'y': 0.0, 'z': -0.052631578947368474}"
2024/05/01 11:06:47.188569104,"{'x': 0.24631578947368427, 'y': 0.0, 'z': 0.0}","{'x': 0.0, 'y': 0.0, 'z': -0.052631578947368474}"
2024/05/01 11:06:47.238592774,"{'x': 0.23263157894736847, 'y': 0.0, 'z': 0.0}","{'x': 0.0, 'y': 0.0, 'z': -0.052631578947368474}"
2024/05/01 11:06:47.288556872,"{'x': 0.26, 'y': 0.0, 'z': 0.0}","{'x': 0.0, 'y': 0.0, 'z': -0.052631578947368474}"
2024/05/01 11:06:47.338620602,"{'x': 0.26, 'y': 0.0, 'z': 0.0}","{'x': 0.0, 'y': 0.0, 'z': -0.052631578947368474}"
2024/05/01 11:06:47.388591500,"{'x': 0.24631578947368427, 'y': 0.0, 'z': 0.0}","{'x': 0.0, 'y': 0.0, 'z': -0.052631578947368474}"
2024/05/01 11:06:47.438706372,"{'x': 0.23263157894736847, 'y': 0.0, 'z': 0.0}","{'x': 0.0, 'y': 0.0, 'z': -0.052631578947368474}"
2024/05/01 11:06:47.488561608,"{'x': 0.26, 'y': 0.0, 'z': 0.0}","{'x': 0.0, 'y': 0.0, 'z': -0.052631578947368474}"
2024/05/01 11:06:47.538641509,"{'x': 0.26, 'y': 0.0, 'z': 0.0}","{'x': 0.0, 'y': 0.0, 'z': -0.052631578947368474}"
2024/05/01 11:06:47.588596837,"{'x': 0.24631578947368427, 'y': 0.0, 'z': 0.0}","{'x': 0.0, 'y': 0.0, 'z': -0.052631578947368474}"
2024/05/01 11:06:47.638639447,"{'x': 0.23263157894736847, 'y': 0.0, 'z': 0.0}","{'x': 0.0, 'y': 0.0, 'z': -0.052631578947368474}"
2024/05/01 11:06:47.688580125,"{'x': 0.26, 'y': 0.0, 'z': 0.0}","{'x': 0.0, 'y': 0.0, 'z': -0.052631578947368474}"
2024/05/01 11:06:47.738625555,"{'x': 0.26, 'y': 0.0, 'z': 0.0}","{'x': 0.0, 'y': 0.0, 'z': -0.052631578947368474}"
2024/05/01 11:06:47.788605124,"{'x': 0.24631578947368427, 'y': 0.0, 'z': 0.0}","{'x': 0.0, 'y': 0.0, 'z': -0.052631578947368474}"
2024/05/01 11:06:47.838616323,"{'x': 0.23263157894736847, 'y': 0.0, 'z': 0.0}","{'x': 0.0, 'y': 0.0, 'z': -0.052631578947368474}"
2024/05/01 11:06:47.888644593,"{'x': 0.26, 'y': 0.0, 'z': 0.0}","{'x': 0.0, 'y': 0.0, 'z': -0.052631578947368474}"
2024/05/01 11:06:47.938619472,"{'x': 0.24631578947368427, 'y': 0.0, 'z': 0.0}","{'x': 0.0, 'y': 0.0, 'z': 0.0}"
2024/05/01 11:06:47.988608600,"{'x': 0.24631578947368427, 'y': 0.0, 'z': 0.0}","{'x': 0.0, 'y': 0.0, 'z': -0.052631578947368474}"
2024/05/01 11:06:48.38654239,"{'x': 0.23263157894736847, 'y': 0.0, 'z': 0.0}","{'x': 0.0, 'y': 0.0, 'z': -0.052631578947368474}"
2024/05/01 11:06:48.88582007,"{'x': 0.26, 'y': 0.0, 'z': 0.0}","{'x': 0.0, 'y': 0.0, 'z': 0.0}"
2024/05/01 11:06:48.138606626,"{'x': 0.24631578947368427, 'y': 0.0, 'z': 0.0}","{'x': 0.0, 'y': 0.0, 'z': 0.0}"
2024/05/01 11:06:48.188577823,"{'x': 0.24631578947368427, 'y': 0.0, 'z': 0.0}","{'x': 0.0, 'y': 0.0, 'z': 0.0}"
2024/05/01 11:06:48.238721334,"{'x': 0.23263157894736847, 'y': 0.0, 'z': 0.0}","{'x': 0.0, 'y': 0.0, 'z': 0.0}"
2024/05/01 11:06:48.288590301,"{'x': 0.26, 'y': 0.0, 'z': 0.0}","{'x': 0.0, 'y': 0.0, 'z': 0.0}"
2024/05/01 11:06:48.338686620,"{'x': 0.26, 'y': 0.0, 'z': 0.0}","{'x': 0.0, 'y': 0.0, 'z': 0.0}"
2024/05/01 11:06:48.388606467,"{'x': 0.24631578947368427, 'y': 0.0, 'z': 0.0}","{'x': 0.0, 'y': 0.0, 'z': 0.0}"
2024/05/01 11:06:48.438677357,"{'x': 0.24631578947368427, 'y': 0.0, 'z': 0.0}","{'x': 0.0, 'y': 0.0, 'z': 0.0}"
2024/05/01 11:06:48.488608914,"{'x': 0.26, 'y': 0.0, 'z': 0.0}","{'x': 0.0, 'y': 0.0, 'z': 0.0}"
2024/05/01 11:06:48.538602492,"{'x': 0.26, 'y': 0.0, 'z': 0.0}","{'x': 0.0, 'y': 0.0, 'z': 0.0}"
2024/05/01 11:06:48.588609741,"{'x': 0.24631578947368427, 'y': 0.0, 'z': 0.0}","{'x': 0.0, 'y': 0.0, 'z': 0.0}"
2024/05/01 11:06:48.638640849,"{'x': 0.24631578947368427, 'y': 0.0, 'z': 0.0}","{'x': 0.0, 'y': 0.0, 'z': 0.0}"
2024/05/01 11:06:48.688625688,"{'x': 0.26, 'y': 0.0, 'z': 0.0}","{'x': 0.0, 'y': 0.0, 'z': 0.0}"
2024/05/01 11:06:48.738619435,"{'x': 0.26, 'y': 0.0, 'z': 0.0}","{'x': 0.0, 'y': 0.0, 'z': 0.0}"
2024/05/01 11:06:48.788606924,"{'x': 0.24631578947368427, 'y': 0.0, 'z': 0.0}","{'x': 0.0, 'y': 0.0, 'z': 0.0}"
2024/05/01 11:06:48.838666513,"{'x': 0.24631578947368427, 'y': 0.0, 'z': 0.0}","{'x': 0.0, 'y': 0.0, 'z': 0.0}"
2024/05/01 11:06:48.888599520,"{'x': 0.26, 'y': 0.0, 'z': 0.0}","{'x': 0.0, 'y': 0.0, 'z': -0.052631578947368474}"
2024/05/01 11:06:48.938631129,"{'x': 0.26, 'y': 0.0, 'z': 0.0}","{'x': 0.0, 'y': 0.0, 'z': -0.052631578947368474}"
2024/05/01 11:06:48.988636998,"{'x': 0.24631578947368427, 'y': 0.0, 'z': 0.0}","{'x': 0.0, 'y': 0.0, 'z': -0.052631578947368474}"
2024/05/01 11:06:49.38728096,"{'x': 0.24631578947368427, 'y': 0.0, 'z': 0.0}","{'x': 0.0, 'y': 0.0, 'z': -0.052631578947368474}"
2024/05/01 11:06:49.88598961,"{'x': 0.26, 'y': 0.0, 'z': 0.0}","{'x': 0.0, 'y': 0.0, 'z': -0.052631578947368474}"
2024/05/01 11:06:49.138686080,"{'x': 0.23263157894736847, 'y': 0.0, 'z': 0.0}","{'x': 0.0, 'y': 0.0, 'z': -0.052631578947368474}"
2024/05/01 11:06:49.188634177,"{'x': 0.24631578947368427, 'y': 0.0, 'z': 0.0}","{'x': 0.0, 'y': 0.0, 'z': -0.052631578947368474}"
2024/05/01 11:06:49.238654675,"{'x': 0.20526315789473687, 'y': 0.0, 'z': 0.0}","{'x': 0.0, 'y': 0.0, 'z': -0.052631578947368474}"
2024/05/01 11:06:49.288596361,"{'x': 0.23263157894736847, 'y': 0.0, 'z': 0.0}","{'x': 0.0, 'y': 0.0, 'z': -0.052631578947368474}"
2024/05/01 11:06:49.338640910,"{'x': 0.23263157894736847, 'y': 0.0, 'z': 0.0}","{'x': 0.0, 'y': 0.0, 'z': 0.0}"
2024/05/01 11:06:49.388601517,"{'x': 0.21894736842105267, 'y': 0.0, 'z': 0.0}","{'x': 0.0, 'y': 0.0, 'z': 0.0}"
2024/05/01 11:06:49.438647354,"{'x': 0.21894736842105267, 'y': 0.0, 'z': 0.0}","{'x': 0.0, 'y': 0.0, 'z': 0.0}"
2024/05/01 11:06:49.488683563,"{'x': 0.20526315789473687, 'y': 0.0, 'z': 0.0}","{'x': 0.0, 'y': 0.0, 'z': 0.0}"
2024/05/01 11:06:49.538620829,"{'x': 0.20526315789473687, 'y': 0.0, 'z': 0.0}","{'x': 0.0, 'y': 0.0, 'z': 0.0}"
2024/05/01 11:06:49.588624887,"{'x': 0.19157894736842107, 'y': 0.0, 'z': 0.0}","{'x': 0.0, 'y': 0.0, 'z': 0.0}"
2024/05/01 11:06:49.638653675,"{'x': 0.19157894736842107, 'y': 0.0, 'z': 0.0}","{'x': 0.0, 'y': 0.0, 'z': 0.0}"
2024/05/01 11:06:49.688612542,"{'x': 0.17789473684210527, 'y': 0.0, 'z': 0.0}","{'x': 0.0, 'y': 0.0, 'z': 0.0}"
2024/05/01 11:06:49.738699301,"{'x': 0.17789473684210527, 'y': 0.0, 'z': 0.0}","{'x': 0.0, 'y': 0.0, 'z': 0.0}"
2024/05/01 11:06:49.788618126,"{'x': 0.17789473684210527, 'y': 0.0, 'z': 0.0}","{'x': 0.0, 'y': 0.0, 'z': 0.0}"
2024/05/01 11:06:49.838682745,"{'x': 0.16421052631578947, 'y': 0.0, 'z': 0.0}","{'x': 0.0, 'y': 0.0, 'z': 0.0}"
2024/05/01 11:06:49.888599202,"{'x': 0.16421052631578947, 'y': 0.0, 'z': 0.0}","{'x': 0.0, 'y': 0.0, 'z': 0.0}"
2024/05/01 11:06:49.938684970,"{'x': 0.15052631578947367, 'y': 0.0, 'z': 0.0}","{'x': 0.0, 'y': 0.0, 'z': 0.0}"
2024/05/01 11:06:49.988622097,"{'x': 0.15052631578947367, 'y': 0.0, 'z': 0.0}","{'x': 0.0, 'y': 0.0, 'z': 0.0}"
2024/05/01 11:06:50.38713825,"{'x': 0.15052631578947367, 'y': 0.0, 'z': 0.0}","{'x': 0.0, 'y': 0.0, 'z': 0.0}"
2024/05/01 11:06:50.88627901,"{'x': 0.15052631578947367, 'y': 0.0, 'z': 0.0}","{'x': 0.0, 'y': 0.0, 'z': 0.0}"
2024/05/01 11:06:50.138669318,"{'x': 0.13684210526315788, 'y': 0.0, 'z': 0.0}","{'x': 0.0, 'y': 0.0, 'z': 0.0}"
2024/05/01 11:06:50.188621564,"{'x': 0.13684210526315788, 'y': 0.0, 'z': 0.0}","{'x': 0.0, 'y': 0.0, 'z': 0.0}"
2024/05/01 11:06:50.238682711,"{'x': 0.13684210526315788, 'y': 0.0, 'z': 0.0}","{'x': 0.0, 'y': 0.0, 'z': 0.0}"
2024/05/01 11:06:50.288640768,"{'x': 0.12315789473684209, 'y': 0.0, 'z': 0.0}","{'x': 0.0, 'y': 0.0, 'z': 0.0}"
2024/05/01 11:06:50.338624374,"{'x': 0.12315789473684209, 'y': 0.0, 'z': 0.0}","{'x': 0.0, 'y': 0.0, 'z': 0.0}"
2024/05/01 11:06:50.388635781,"{'x': 0.12315789473684209, 'y': 0.0, 'z': 0.0}","{'x': 0.0, 'y': 0.0, 'z': 0.0}"
2024/05/01 11:06:50.438682618,"{'x': 0.1094736842105263, 'y': 0.0, 'z': 0.0}","{'x': 0.0, 'y': 0.0, 'z': 0.0}"
2024/05/01 11:06:50.488608584,"{'x': 0.1094736842105263, 'y': 0.0, 'z': 0.0}","{'x': 0.0, 'y': 0.0, 'z': 0.0}"
2024/05/01 11:06:50.538761883,"{'x': 0.1094736842105263, 'y': 0.0, 'z': 0.0}","{'x': 0.0, 'y': 0.0, 'z': 0.0}"
2024/05/01 11:06:50.588649498,"{'x': 0.1094736842105263, 'y': 0.0, 'z': 0.0}","{'x': 0.0, 'y': 0.0, 'z': 0.0}"
2024/05/01 11:06:50.638680495,"{'x': 0.1094736842105263, 'y': 0.0, 'z': 0.0}","{'x': 0.0, 'y': 0.0, 'z': 0.0}"
2024/05/01 11:06:50.688630591,"{'x': 0.09578947368421052, 'y': 0.0, 'z': 0.0}","{'x': 0.0, 'y': 0.0, 'z': -0.052631578947368474}"
2024/05/01 11:06:50.738660088,"{'x': 0.0, 'y': 0.0, 'z': 0.0}","{'x': 0.0, 'y': 0.0, 'z': 0.0}"
2024/05/01 11:06:50.788636735,"{'x': 0.0, 'y': 0.0, 'z': 0.0}","{'x': 0.0, 'y': 0.0, 'z': 0.0}"
2024/05/01 11:06:50.838719502,"{'x': 0.0, 'y': 0.0, 'z': 0.0}","{'x': 0.0, 'y': 0.0, 'z': 0.0}"
2024/05/01 11:06:50.888668518,"{'x': 0.0, 'y': 0.0, 'z': 0.0}","{'x': 0.0, 'y': 0.0, 'z': 0.0}"
2024/05/01 11:06:50.938673125,"{'x': 0.0, 'y': 0.0, 'z': 0.0}","{'x': 0.0, 'y': 0.0, 'z': 0.0}"
2024/05/01 11:06:50.988663502,"{'x': 0.0, 'y': 0.0, 'z': 0.0}","{'x': 0.0, 'y': 0.0, 'z': 0.0}"
2024/05/01 11:06:51.38677428,"{'x': 0.0, 'y': 0.0, 'z': 0.0}","{'x': 0.0, 'y': 0.0, 'z': 0.0}"
2024/05/01 11:06:51.88645594,"{'x': 0.0, 'y': 0.0, 'z': 0.0}","{'x': 0.0, 'y': 0.0, 'z': 0.0}"
2024/05/01 11:06:51.138692671,"{'x': 0.0, 'y': 0.0, 'z': 0.0}","{'x': 0.0, 'y': 0.0, 'z': 0.0}"
2024/05/01 11:06:51.188641746,"{'x': 0.0, 'y': 0.0, 'z': 0.0}","{'x': 0.0, 'y': 0.0, 'z': 0.0}"
2024/05/01 11:06:51.238636831,"{'x': 0.0, 'y': 0.0, 'z': 0.0}","{'x': 0.0, 'y': 0.0, 'z': 0.0}"
2024/05/01 11:06:51.288644667,"{'x': 0.0, 'y': 0.0, 'z': 0.0}","{'x': 0.0, 'y': 0.0, 'z': 0.0}"
2024/05/01 11:06:51.338680244,"{'x': 0.0, 'y': 0.0, 'z': 0.0}","{'x': 0.0, 'y': 0.0, 'z': 0.0}"
2024/05/01 11:06:51.388643249,"{'x': 0.0, 'y': 0.0, 'z': 0.0}","{'x': 0.0, 'y': 0.0, 'z': 0.0}"
2024/05/01 11:06:51.438686226,"{'x': 0.0, 'y': 0.0, 'z': 0.0}","{'x': 0.0, 'y': 0.0, 'z': 0.0}"
2024/05/01 11:06:51.488627940,"{'x': 0.0, 'y': 0.0, 'z': 0.0}","{'x': 0.0, 'y': 0.0, 'z': 0.0}"
2024/05/01 11:06:51.538704038,"{'x': 0.0, 'y': 0.0, 'z': 0.0}","{'x': 0.0, 'y': 0.0, 'z': 0.0}"
2024/05/01 11:06:51.588617462,"{'x': 0.0, 'y': 0.0, 'z': 0.0}","{'x': 0.0, 'y': 0.0, 'z': 0.0}"
2024/05/01 11:06:51.638650979,"{'x': 0.0, 'y': 0.0, 'z': 0.0}","{'x': 0.0, 'y': 0.0, 'z': 0.0}"
2024/05/01 11:06:51.688641465,"{'x': 0.0, 'y': 0.0, 'z': 0.0}","{'x': 0.0, 'y': 0.0, 'z': 0.0}"
2024/05/01 11:06:51.738665441,"{'x': 0.0, 'y': 0.0, 'z': 0.0}","{'x': 0.0, 'y': 0.0, 'z': 0.0}"
2024/05/01 11:06:52.338799228,"{'x': 0.125, 'y': 0.0, 'z': 0.0}","{'x': 0.0, 'y': 0.0, 'z': 0.0}"
2024/05/01 11:06:52.388629821,"{'x': 0.24631578947368427, 'y': 0.0, 'z': 0.0}","{'x': 0.0, 'y': 0.0, 'z': 0.0}"
2024/05/01 11:06:52.438659386,"{'x': 0.23263157894736847, 'y': 0.0, 'z': 0.0}","{'x': 0.0, 'y': 0.0, 'z': 0.0}"
2024/05/01 11:06:52.488613671,"{'x': 0.26, 'y': 0.0, 'z': 0.0}","{'x': 0.0, 'y': 0.0, 'z': 0.0}"
2024/05/01 11:06:52.538664397,"{'x': 0.26, 'y': 0.0, 'z': 0.0}","{'x': 0.0, 'y': 0.0, 'z': 0.0}"
2024/05/01 11:06:52.588634961,"{'x': 0.26, 'y': 0.0, 'z': 0.0}","{'x': 0.0, 'y': 0.0, 'z': 0.0}"
2024/05/01 11:06:52.638684947,"{'x': 0.24631578947368427, 'y': 0.0, 'z': 0.0}","{'x': 0.0, 'y': 0.0, 'z': 0.0}"
2024/05/01 11:06:52.688652812,"{'x': 0.24631578947368427, 'y': 0.0, 'z': 0.0}","{'x': 0.0, 'y': 0.0, 'z': 0.0}"
2024/05/01 11:06:52.738670157,"{'x': 0.26, 'y': 0.0, 'z': 0.0}","{'x': 0.0, 'y': 0.0, 'z': -0.052631578947368474}"
2024/05/01 11:06:52.788647462,"{'x': 0.26, 'y': 0.0, 'z': 0.0}","{'x': 0.0, 'y': 0.0, 'z': -0.052631578947368474}"
2024/05/01 11:06:52.838708498,"{'x': 0.24631578947368427, 'y': 0.0, 'z': 0.0}","{'x': 0.0, 'y': 0.0, 'z': -0.052631578947368474}"
2024/05/01 11:06:52.888660502,"{'x': 0.24631578947368427, 'y': 0.0, 'z': 0.0}","{'x': 0.0, 'y': 0.0, 'z': -0.052631578947368474}"
2024/05/01 11:06:52.938666127,"{'x': 0.26, 'y': 0.0, 'z': 0.0}","{'x': 0.0, 'y': 0.0, 'z': 0.0}"
2024/05/01 11:06:52.988644822,"{'x': 0.26, 'y': 0.0, 'z': 0.0}","{'x': 0.0, 'y': 0.0, 'z': 0.0}"
2024/05/01 11:06:53.38712648,"{'x': 0.24631578947368427, 'y': 0.0, 'z': 0.0}","{'x': 0.0, 'y': 0.0, 'z': 0.0}"
2024/05/01 11:06:53.88634281,"{'x': 0.23263157894736847, 'y': 0.0, 'z': 0.0}","{'x': 0.0, 'y': 0.0, 'z': 0.0}"
2024/05/01 11:06:53.138738247,"{'x': 0.26, 'y': 0.0, 'z': 0.0}","{'x': 0.0, 'y': 0.0, 'z': -0.052631578947368474}"
2024/05/01 11:06:53.188641299,"{'x': 0.26, 'y': 0.0, 'z': 0.0}","{'x': 0.0, 'y': 0.0, 'z': -0.052631578947368474}"
2024/05/01 11:06:53.238694745,"{'x': 0.24631578947368427, 'y': 0.0, 'z': 0.0}","{'x': 0.0, 'y': 0.0, 'z': -0.052631578947368474}"
2024/05/01 11:06:53.288623818,"{'x': 0.23263157894736847, 'y': 0.0, 'z': 0.0}","{'x': 0.0, 'y': 0.0, 'z': -0.052631578947368474}"
2024/05/01 11:06:53.338636252,"{'x': 0.26, 'y': 0.0, 'z': 0.0}","{'x': 0.0, 'y': 0.0, 'z': -0.052631578947368474}"
2024/05/01 11:06:53.388650557,"{'x': 0.26, 'y': 0.0, 'z': 0.0}","{'x': 0.0, 'y': 0.0, 'z': -0.052631578947368474}"
2024/05/01 11:06:53.438700292,"{'x': 0.24631578947368427, 'y': 0.0, 'z': 0.0}","{'x': 0.0, 'y': 0.0, 'z': -0.052631578947368474}"
2024/05/01 11:06:53.488647625,"{'x': 0.24631578947368427, 'y': 0.0, 'z': 0.0}","{'x': 0.0, 'y': 0.0, 'z': -0.052631578947368474}"
2024/05/01 11:06:53.538684590,"{'x': 0.26, 'y': 0.0, 'z': 0.0}","{'x': 0.0, 'y': 0.0, 'z': -0.052631578947368474}"
2024/05/01 11:06:53.588666694,"{'x': 0.26, 'y': 0.0, 'z': 0.0}","{'x': 0.0, 'y': 0.0, 'z': -0.052631578947368474}"
2024/05/01 11:06:53.638697209,"{'x': 0.24631578947368427, 'y': 0.0, 'z': 0.0}","{'x': 0.0, 'y': 0.0, 'z': -0.052631578947368474}"
2024/05/01 11:06:53.688626562,"{'x': 0.24631578947368427, 'y': 0.0, 'z': 0.0}","{'x': 0.0, 'y': 0.0, 'z': -0.052631578947368474}"
2024/05/01 11:06:53.738669797,"{'x': 0.26, 'y': 0.0, 'z': 0.0}","{'x': 0.0, 'y': 0.0, 'z': -0.052631578947368474}"
2024/05/01 11:06:53.788647711,"{'x': 0.26, 'y': 0.0, 'z': 0.0}","{'x': 0.0, 'y': 0.0, 'z': 0.0}"
2024/05/01 11:06:53.838735097,"{'x': 0.24631578947368427, 'y': 0.0, 'z': 0.0}","{'x': 0.0, 'y': 0.0, 'z': 0.0}"
2024/05/01 11:06:53.888640030,"{'x': 0.24631578947368427, 'y': 0.0, 'z': 0.0}","{'x': 0.0, 'y': 0.0, 'z': 0.0}"
2024/05/01 11:06:53.938788867,"{'x': 0.26, 'y': 0.0, 'z': 0.0}","{'x': 0.0, 'y': 0.0, 'z': 0.0}"
2024/05/01 11:06:53.988647499,"{'x': 0.26, 'y': 0.0, 'z': 0.0}","{'x': 0.0, 'y': 0.0, 'z': 0.0}"
2024/05/01 11:06:54.38659372,"{'x': 0.24631578947368427, 'y': 0.0, 'z': 0.0}","{'x': 0.0, 'y': 0.0, 'z': 0.0}"
2024/05/01 11:06:54.88643696,"{'x': 0.24631578947368427, 'y': 0.0, 'z': 0.0}","{'x': 0.0, 'y': 0.0, 'z': 0.0}"
2024/05/01 11:06:54.138700620,"{'x': 0.26, 'y': 0.0, 'z': 0.0}","{'x': 0.0, 'y': 0.0, 'z': 0.1578947368421052}"
2024/05/01 11:06:54.188660583,"{'x': 0.26, 'y': 0.0, 'z': 0.0}","{'x': 0.0, 'y': 0.0, 'z': 0.1578947368421052}"
2024/05/01 11:06:54.238719287,"{'x': 0.24631578947368427, 'y': 0.0, 'z': 0.0}","{'x': 0.0, 'y': 0.0, 'z': 0.1578947368421052}"
2024/05/01 11:06:54.288641400,"{'x': 0.24631578947368427, 'y': 0.0, 'z': 0.0}","{'x': 0.0, 'y': 0.0, 'z': 0.1578947368421052}"
2024/05/01 11:06:54.338690564,"{'x': 0.26, 'y': 0.0, 'z': 0.0}","{'x': 0.0, 'y': 0.0, 'z': 0.0}"
2024/05/01 11:06:54.388685048,"{'x': 0.26, 'y': 0.0, 'z': 0.0}","{'x': 0.0, 'y': 0.0, 'z': 0.05263157894736836}"
2024/05/01 11:06:54.438696791,"{'x': 0.24631578947368427, 'y': 0.0, 'z': 0.0}","{'x': 0.0, 'y': 0.0, 'z': 0.05263157894736836}"
2024/05/01 11:06:54.488662654,"{'x': 0.24631578947368427, 'y': 0.0, 'z': 0.0}","{'x': 0.0, 'y': 0.0, 'z': 0.05263157894736836}"
2024/05/01 11:06:54.538701979,"{'x': 0.26, 'y': 0.0, 'z': 0.0}","{'x': 0.0, 'y': 0.0, 'z': 0.05263157894736836}"
2024/05/01 11:06:54.588676321,"{'x': 0.26, 'y': 0.0, 'z': 0.0}","{'x': 0.0, 'y': 0.0, 'z': 0.05263157894736836}"
2024/05/01 11:06:54.638720926,"{'x': 0.24631578947368427, 'y': 0.0, 'z': 0.0}","{'x': 0.0, 'y': 0.0, 'z': 0.05263157894736836}"
2024/05/01 11:06:54.688655008,"{'x': 0.26, 'y': 0.0, 'z': 0.0}","{'x': 0.0, 'y': 0.0, 'z': 0.05263157894736836}"
2024/05/01 11:06:54.738701713,"{'x': 0.26, 'y': 0.0, 'z': 0.0}","{'x': 0.0, 'y': 0.0, 'z': 0.05263157894736836}"
2024/05/01 11:06:54.788671896,"{'x': 0.24631578947368427, 'y': 0.0, 'z': 0.0}","{'x': 0.0, 'y': 0.0, 'z': 0.05263157894736836}"
2024/05/01 11:06:54.838684459,"{'x': 0.24631578947368427, 'y': 0.0, 'z': 0.0}","{'x': 0.0, 'y': 0.0, 'z': 0.05263157894736836}"
2024/05/01 11:06:54.888662822,"{'x': 0.23263157894736847, 'y': 0.0, 'z': 0.0}","{'x': 0.0, 'y': 0.0, 'z': 0.05263157894736836}"
2024/05/01 11:06:54.938695376,"{'x': 0.26, 'y': 0.0, 'z': 0.0}","{'x': 0.0, 'y': 0.0, 'z': 0.05263157894736836}"
2024/05/01 11:06:54.988724960,"{'x': 0.26, 'y': 0.0, 'z': 0.0}","{'x': 0.0, 'y': 0.0, 'z': 0.05263157894736836}"
2024/05/01 11:06:55.38700603,"{'x': 0.24631578947368427, 'y': 0.0, 'z': 0.0}","{'x': 0.0, 'y': 0.0, 'z': 0.05263157894736836}"
2024/05/01 11:06:55.88649065,"{'x': 0.24631578947368427, 'y': 0.0, 'z': 0.0}","{'x': 0.0, 'y': 0.0, 'z': 0.05263157894736836}"
2024/05/01 11:06:55.138694269,"{'x': 0.26, 'y': 0.0, 'z': 0.0}","{'x': 0.0, 'y': 0.0, 'z': 0.05263157894736836}"
2024/05/01 11:06:55.188700331,"{'x': 0.26, 'y': 0.0, 'z': 0.0}","{'x': 0.0, 'y': 0.0, 'z': 0.05263157894736836}"
2024/05/01 11:06:55.238746735,"{'x': 0.24631578947368427, 'y': 0.0, 'z': 0.0}","{'x': 0.0, 'y': 0.0, 'z': 0.05263157894736836}"
2024/05/01 11:06:55.288684016,"{'x': 0.24631578947368427, 'y': 0.0, 'z': 0.0}","{'x': 0.0, 'y': 0.0, 'z': 0.05263157894736836}"
2024/05/01 11:06:55.338713289,"{'x': 0.26, 'y': 0.0, 'z': 0.0}","{'x': 0.0, 'y': 0.0, 'z': 0.05263157894736836}"
2024/05/01 11:06:55.388656981,"{'x': 0.26, 'y': 0.0, 'z': 0.0}","{'x': 0.0, 'y': 0.0, 'z': 0.05263157894736836}"
2024/05/01 11:06:55.438720145,"{'x': 0.24631578947368427, 'y': 0.0, 'z': 0.0}","{'x': 0.0, 'y': 0.0, 'z': 0.0}"
2024/05/01 11:06:55.488673277,"{'x': 0.24631578947368427, 'y': 0.0, 'z': 0.0}","{'x': 0.0, 'y': 0.0, 'z': 0.0}"
2024/05/01 11:06:55.538715271,"{'x': 0.26, 'y': 0.0, 'z': 0.0}","{'x': 0.0, 'y': 0.0, 'z': 0.0}"
2024/05/01 11:06:55.588694613,"{'x': 0.26, 'y': 0.0, 'z': 0.0}","{'x': 0.0, 'y': 0.0, 'z': 0.0}"
2024/05/01 11:06:55.638721346,"{'x': 0.24631578947368427, 'y': 0.0, 'z': 0.0}","{'x': 0.0, 'y': 0.0, 'z': 0.0}"
2024/05/01 11:06:55.688647857,"{'x': 0.24631578947368427, 'y': 0.0, 'z': 0.0}","{'x': 0.0, 'y': 0.0, 'z': 0.0}"
2024/05/01 11:06:55.738708921,"{'x': 0.26, 'y': 0.0, 'z': 0.0}","{'x': 0.0, 'y': 0.0, 'z': 0.0}"
2024/05/01 11:06:55.788668623,"{'x': 0.26, 'y': 0.0, 'z': 0.0}","{'x': 0.0, 'y': 0.0, 'z': 0.0}"
2024/05/01 11:06:55.838759427,"{'x': 0.24631578947368427, 'y': 0.0, 'z': 0.0}","{'x': 0.0, 'y': 0.0, 'z': 0.0}"
2024/05/01 11:06:55.888751770,"{'x': 0.24631578947368427, 'y': 0.0, 'z': 0.0}","{'x': 0.0, 'y': 0.0, 'z': 0.0}"
2024/05/01 11:06:55.938715442,"{'x': 0.26, 'y': 0.0, 'z': 0.0}","{'x': 0.0, 'y': 0.0, 'z': 0.0}"
2024/05/01 11:06:55.988698425,"{'x': 0.26, 'y': 0.0, 'z': 0.0}","{'x': 0.0, 'y': 0.0, 'z': 0.0}"
2024/05/01 11:06:56.38745557,"{'x': 0.24631578947368427, 'y': 0.0, 'z': 0.0}","{'x': 0.0, 'y': 0.0, 'z': 0.0}"
2024/05/01 11:06:56.88665878,"{'x': 0.23263157894736847, 'y': 0.0, 'z': 0.0}","{'x': 0.0, 'y': 0.0, 'z': 0.0}"
2024/05/01 11:06:56.138736451,"{'x': 0.26, 'y': 0.0, 'z': 0.0}","{'x': 0.0, 'y': 0.0, 'z': -0.052631578947368474}"
2024/05/01 11:06:56.188775994,"{'x': 0.26, 'y': 0.0, 'z': 0.0}","{'x': 0.0, 'y': 0.0, 'z': -0.052631578947368474}"
2024/05/01 11:06:56.238707675,"{'x': 0.24631578947368427, 'y': 0.0, 'z': 0.0}","{'x': 0.0, 'y': 0.0, 'z': -0.052631578947368474}"
2024/05/01 11:06:56.288704177,"{'x': 0.23263157894736847, 'y': 0.0, 'z': 0.0}","{'x': 0.0, 'y': 0.0, 'z': -0.052631578947368474}"
2024/05/01 11:06:56.338754180,"{'x': 0.26, 'y': 0.0, 'z': 0.0}","{'x': 0.0, 'y': 0.0, 'z': -0.052631578947368474}"
2024/05/01 11:06:56.388708041,"{'x': 0.26, 'y': 0.0, 'z': 0.0}","{'x': 0.0, 'y': 0.0, 'z': -0.1578947368421053}"
2024/05/01 11:06:56.438781404,"{'x': 0.26, 'y': 0.0, 'z': 0.0}","{'x': 0.0, 'y': 0.0, 'z': -0.1578947368421053}"
2024/05/01 11:06:56.488687494,"{'x': 0.24631578947368427, 'y': 0.0, 'z': 0.0}","{'x': 0.0, 'y': 0.0, 'z': -0.1578947368421053}"
2024/05/01 11:06:56.538691716,"{'x': 0.26, 'y': 0.0, 'z': 0.0}","{'x': 0.0, 'y': 0.0, 'z': -0.1578947368421053}"
2024/05/01 11:06:56.588704688,"{'x': 0.26, 'y': 0.0, 'z': 0.0}","{'x': 0.0, 'y': 0.0, 'z': -0.1578947368421053}"
2024/05/01 11:06:56.638703580,"{'x': 0.26, 'y': 0.0, 'z': 0.0}","{'x': 0.0, 'y': 0.0, 'z': -0.1578947368421053}"
2024/05/01 11:06:56.688696202,"{'x': 0.24631578947368427, 'y': 0.0, 'z': 0.0}","{'x': 0.0, 'y': 0.0, 'z': -0.1578947368421053}"
2024/05/01 11:06:56.738732934,"{'x': 0.26, 'y': 0.0, 'z': 0.0}","{'x': 0.0, 'y': 0.0, 'z': -0.052631578947368474}"
2024/05/01 11:06:56.788696636,"{'x': 0.26, 'y': 0.0, 'z': 0.0}","{'x': 0.0, 'y': 0.0, 'z': -0.052631578947368474}"
2024/05/01 11:06:56.838748579,"{'x': 0.24631578947368427, 'y': 0.0, 'z': 0.0}","{'x': 0.0, 'y': 0.0, 'z': -0.052631578947368474}"
2024/05/01 11:06:56.888686550,"{'x': 0.24631578947368427, 'y': 0.0, 'z': 0.0}","{'x': 0.0, 'y': 0.0, 'z': -0.052631578947368474}"
2024/05/01 11:06:56.938758022,"{'x': 0.23263157894736847, 'y': 0.0, 'z': 0.0}","{'x': 0.0, 'y': 0.0, 'z': -0.052631578947368474}"
2024/05/01 11:06:56.988711924,"{'x': 0.23263157894736847, 'y': 0.0, 'z': 0.0}","{'x': 0.0, 'y': 0.0, 'z': -0.052631578947368474}"
2024/05/01 11:06:57.38781796,"{'x': 0.21894736842105267, 'y': 0.0, 'z': 0.0}","{'x': 0.0, 'y': 0.0, 'z': -0.052631578947368474}"
2024/05/01 11:06:57.88698696,"{'x': 0.21894736842105267, 'y': 0.0, 'z': 0.0}","{'x': 0.0, 'y': 0.0, 'z': -0.052631578947368474}"
2024/05/01 11:06:57.138750868,"{'x': 0.20526315789473687, 'y': 0.0, 'z': 0.0}","{'x': 0.0, 'y': 0.0, 'z': -0.052631578947368474}"
2024/05/01 11:06:57.188692518,"{'x': 0.20526315789473687, 'y': 0.0, 'z': 0.0}","{'x': 0.0, 'y': 0.0, 'z': -0.052631578947368474}"
2024/05/01 11:06:57.238818861,"{'x': 0.19157894736842107, 'y': 0.0, 'z': 0.0}","{'x': 0.0, 'y': 0.0, 'z': -0.052631578947368474}"
2024/05/01 11:06:57.288708871,"{'x': 0.19157894736842107, 'y': 0.0, 'z': 0.0}","{'x': 0.0, 'y': 0.0, 'z': -0.052631578947368474}"
2024/05/01 11:06:57.338739583,"{'x': 0.17789473684210527, 'y': 0.0, 'z': 0.0}","{'x': 0.0, 'y': 0.0, 'z': -0.052631578947368474}"
2024/05/01 11:06:57.388709963,"{'x': 0.17789473684210527, 'y': 0.0, 'z': 0.0}","{'x': 0.0, 'y': 0.0, 'z': -0.052631578947368474}"
2024/05/01 11:06:57.438762005,"{'x': 0.16421052631578947, 'y': 0.0, 'z': 0.0}","{'x': 0.0, 'y': 0.0, 'z': -0.052631578947368474}"
2024/05/01 11:06:57.488698655,"{'x': 0.16421052631578947, 'y': 0.0, 'z': 0.0}","{'x': 0.0, 'y': 0.0, 'z': -0.052631578947368474}"
2024/05/01 11:06:57.538735987,"{'x': 0.16421052631578947, 'y': 0.0, 'z': 0.0}","{'x': 0.0, 'y': 0.0, 'z': -0.052631578947368474}"
2024/05/01 11:06:57.588705118,"{'x': 0.17789473684210527, 'y': 0.0, 'z': 0.0}","{'x': 0.0, 'y': 0.0, 'z': -0.052631578947368474}"
2024/05/01 11:06:57.638764329,"{'x': 0.15052631578947367, 'y': 0.0, 'z': 0.0}","{'x': 0.0, 'y': 0.0, 'z': -0.052631578947368474}"
2024/05/01 11:06:57.688709350,"{'x': 0.16421052631578947, 'y': 0.0, 'z': 0.0}","{'x': 0.0, 'y': 0.0, 'z': -0.052631578947368474}"
2024/05/01 11:06:57.738761652,"{'x': 0.16421052631578947, 'y': 0.0, 'z': 0.0}","{'x': 0.0, 'y': 0.0, 'z': -0.052631578947368474}"
2024/05/01 11:06:57.788740853,"{'x': 0.15052631578947367, 'y': 0.0, 'z': 0.0}","{'x': 0.0, 'y': 0.0, 'z': -0.052631578947368474}"
2024/05/01 11:06:57.838758955,"{'x': 0.15052631578947367, 'y': 0.0, 'z': 0.0}","{'x': 0.0, 'y': 0.0, 'z': -0.052631578947368474}"
2024/05/01 11:06:57.888703745,"{'x': 0.13684210526315788, 'y': 0.0, 'z': 0.0}","{'x': 0.0, 'y': 0.0, 'z': -0.052631578947368474}"
2024/05/01 11:06:57.938730336,"{'x': 0.011842105263157876, 'y': 0.0, 'z': 0.0}","{'x': 0.0, 'y': 0.0, 'z': 0.10736842105263153}"
2024/05/01 11:06:57.988773818,"{'x': 0.0, 'y': 0.0, 'z': 0.0}","{'x': 0.0, 'y': 0.0, 'z': 0.26736842105263153}"
2024/05/01 11:06:58.38760378,"{'x': 0.0, 'y': 0.0, 'z': 0.0}","{'x': 0.0, 'y': 0.0, 'z': 0.4273684210526315}"
2024/05/01 11:06:58.88711778,"{'x': 0.0, 'y': 0.0, 'z': 0.0}","{'x': 0.0, 'y': 0.0, 'z': 0.5873684210526315}"
2024/05/01 11:06:58.138727129,"{'x': 0.0, 'y': 0.0, 'z': 0.0}","{'x': 0.0, 'y': 0.0, 'z': 0.7473684210526316}"
2024/05/01 11:06:58.188729009,"{'x': 0.0, 'y': 0.0, 'z': 0.0}","{'x': 0.0, 'y': 0.0, 'z': 0.894736842105263}"
2024/05/01 11:06:58.238726800,"{'x': 0.0, 'y': 0.0, 'z': 0.0}","{'x': 0.0, 'y': 0.0, 'z': 0.894736842105263}"
2024/05/01 11:06:58.288708019,"{'x': 0.0, 'y': 0.0, 'z': 0.0}","{'x': 0.0, 'y': 0.0, 'z': 0.7894736842105262}"
2024/05/01 11:06:58.338744840,"{'x': 0.0, 'y': 0.0, 'z': 0.0}","{'x': 0.0, 'y': 0.0, 'z': 0.7894736842105262}"
2024/05/01 11:06:58.388734141,"{'x': 0.0, 'y': 0.0, 'z': 0.0}","{'x': 0.0, 'y': 0.0, 'z': 0.7894736842105262}"
2024/05/01 11:06:58.438777371,"{'x': 0.0, 'y': 0.0, 'z': 0.0}","{'x': 0.0, 'y': 0.0, 'z': 0.7894736842105262}"
2024/05/01 11:06:58.488700321,"{'x': 0.0, 'y': 0.0, 'z': 0.0}","{'x': 0.0, 'y': 0.0, 'z': 0.7894736842105262}"
2024/05/01 11:06:58.538727892,"{'x': 0.12315789473684209, 'y': 0.0, 'z': 0.0}","{'x': 0.0, 'y': 0.0, 'z': 0.6294736842105262}"
2024/05/01 11:06:58.588721682,"{'x': 0.12315789473684209, 'y': 0.0, 'z': 0.0}","{'x': 0.0, 'y': 0.0, 'z': 0.46947368421052615}"
2024/05/01 11:06:58.638733183,"{'x': 0.1094736842105263, 'y': 0.0, 'z': 0.0}","{'x': 0.0, 'y': 0.0, 'z': 0.3094736842105261}"
2024/05/01 11:06:58.688728973,"{'x': 0.0, 'y': 0.0, 'z': 0.0}","{'x': 0.0, 'y': 0.0, 'z': 0.46947368421052615}"
2024/05/01 11:06:58.738759524,"{'x': 0.0, 'y': 0.0, 'z': 0.0}","{'x': 0.0, 'y': 0.0, 'z': 0.5789473684210525}"
2024/05/01 11:06:58.788736364,"{'x': 0.0, 'y': 0.0, 'z': 0.0}","{'x': 0.0, 'y': 0.0, 'z': 0.5789473684210525}"
2024/05/01 11:06:58.838776224,"{'x': 0.0, 'y': 0.0, 'z': 0.0}","{'x': 0.0, 'y': 0.0, 'z': 0.5789473684210525}"
2024/05/01 11:06:58.888690803,"{'x': 0.0, 'y': 0.0, 'z': 0.0}","{'x': 0.0, 'y': 0.0, 'z': 0.5789473684210525}"
2024/05/01 11:06:58.938749765,"{'x': 0.0, 'y': 0.0, 'z': 0.0}","{'x': 0.0, 'y': 0.0, 'z': 0.5789473684210525}"
2024/05/01 11:06:58.988713785,"{'x': 0.0, 'y': 0.0, 'z': 0.0}","{'x': 0.0, 'y': 0.0, 'z': 0.5789473684210525}"
2024/05/01 11:06:59.38777635,"{'x': 0.0, 'y': 0.0, 'z': 0.0}","{'x': 0.0, 'y': 0.0, 'z': 0.5789473684210525}"
2024/05/01 11:06:59.88734894,"{'x': 0.0, 'y': 0.0, 'z': 0.0}","{'x': 0.0, 'y': 0.0, 'z': 0.5789473684210525}"
2024/05/01 11:06:59.138755104,"{'x': 0.0, 'y': 0.0, 'z': 0.0}","{'x': 0.0, 'y': 0.0, 'z': 0.4736842105263157}"
2024/05/01 11:06:59.188756294,"{'x': 0.0, 'y': 0.0, 'z': 0.0}","{'x': 0.0, 'y': 0.0, 'z': 0.4736842105263157}"
2024/05/01 11:06:59.238769674,"{'x': 0.0, 'y': 0.0, 'z': 0.0}","{'x': 0.0, 'y': 0.0, 'z': 0.4736842105263157}"
2024/05/01 11:06:59.288700342,"{'x': 0.0, 'y': 0.0, 'z': 0.0}","{'x': 0.0, 'y': 0.0, 'z': 0.4736842105263157}"
2024/05/01 11:06:59.338756983,"{'x': 0.0, 'y': 0.0, 'z': 0.0}","{'x': 0.0, 'y': 0.0, 'z': 0.4736842105263157}"
2024/05/01 11:06:59.388721272,"{'x': 0.0, 'y': 0.0, 'z': 0.0}","{'x': 0.0, 'y': 0.0, 'z': 0.4736842105263157}"
2024/05/01 11:06:59.438765272,"{'x': 0.0, 'y': 0.0, 'z': 0.0}","{'x': 0.0, 'y': 0.0, 'z': 0.4736842105263157}"
2024/05/01 11:06:59.488700241,"{'x': 0.0, 'y': 0.0, 'z': 0.0}","{'x': 0.0, 'y': 0.0, 'z': 0.4736842105263157}"
2024/05/01 11:06:59.538796002,"{'x': 0.0, 'y': 0.0, 'z': 0.0}","{'x': 0.0, 'y': 0.0, 'z': 0.4736842105263157}"
2024/05/01 11:06:59.588717780,"{'x': 0.0, 'y': 0.0, 'z': 0.0}","{'x': 0.0, 'y': 0.0, 'z': 0.36842105263157887}"
2024/05/01 11:06:59.638799441,"{'x': 0.0, 'y': 0.0, 'z': 0.0}","{'x': 0.0, 'y': 0.0, 'z': 0.36842105263157887}"
2024/05/01 11:06:59.688727079,"{'x': 0.0, 'y': 0.0, 'z': 0.0}","{'x': 0.0, 'y': 0.0, 'z': 0.36842105263157887}"
2024/05/01 11:06:59.738753769,"{'x': 0.0, 'y': 0.0, 'z': 0.0}","{'x': 0.0, 'y': 0.0, 'z': 0.36842105263157887}"
2024/05/01 11:06:59.788723219,"{'x': 0.0, 'y': 0.0, 'z': 0.0}","{'x': 0.0, 'y': 0.0, 'z': 0.36842105263157887}"
2024/05/01 11:06:59.838774479,"{'x': 0.0, 'y': 0.0, 'z': 0.0}","{'x': 0.0, 'y': 0.0, 'z': 0.36842105263157887}"
2024/05/01 11:06:59.888730258,"{'x': 0.0, 'y': 0.0, 'z': 0.0}","{'x': 0.0, 'y': 0.0, 'z': 0.36842105263157887}"
2024/05/01 11:06:59.938737288,"{'x': 0.0, 'y': 0.0, 'z': 0.0}","{'x': 0.0, 'y': 0.0, 'z': 0.36842105263157887}"
2024/05/01 11:06:59.988752807,"{'x': 0.0, 'y': 0.0, 'z': 0.0}","{'x': 0.0, 'y': 0.0, 'z': 0.36842105263157887}"
2024/05/01 11:07:00.38820917,"{'x': 0.0, 'y': 0.0, 'z': 0.0}","{'x': 0.0, 'y': 0.0, 'z': 0.26315789473684204}"
2024/05/01 11:07:00.88725244,"{'x': 0.0, 'y': 0.0, 'z': 0.0}","{'x': 0.0, 'y': 0.0, 'z': 0.26315789473684204}"
2024/05/01 11:07:00.138781564,"{'x': 0.0, 'y': 0.0, 'z': 0.0}","{'x': 0.0, 'y': 0.0, 'z': 0.26315789473684204}"
2024/05/01 11:07:00.188756683,"{'x': 0.0, 'y': 0.0, 'z': 0.0}","{'x': 0.0, 'y': 0.0, 'z': 0.26315789473684204}"
2024/05/01 11:07:00.238808263,"{'x': 0.0, 'y': 0.0, 'z': 0.0}","{'x': 0.0, 'y': 0.0, 'z': 0.26315789473684204}"
2024/05/01 11:07:00.288704600,"{'x': 0.0, 'y': 0.0, 'z': 0.0}","{'x': 0.0, 'y': 0.0, 'z': 0.26315789473684204}"
2024/05/01 11:07:00.338784000,"{'x': 0.0, 'y': 0.0, 'z': 0.0}","{'x': 0.0, 'y': 0.0, 'z': 0.26315789473684204}"
2024/05/01 11:07:00.388741758,"{'x': 0.0, 'y': 0.0, 'z': 0.0}","{'x': 0.0, 'y': 0.0, 'z': 0.26315789473684204}"
2024/05/01 11:07:00.438775777,"{'x': 0.0, 'y': 0.0, 'z': 0.0}","{'x': 0.0, 'y': 0.0, 'z': 0.26315789473684204}"
2024/05/01 11:07:00.488727215,"{'x': 0.0, 'y': 0.0, 'z': 0.0}","{'x': 0.0, 'y': 0.0, 'z': 0.26315789473684204}"
2024/05/01 11:07:00.538724864,"{'x': 0.0, 'y': 0.0, 'z': 0.0}","{'x': 0.0, 'y': 0.0, 'z': 0.26315789473684204}"
2024/05/01 11:07:00.588749503,"{'x': 0.0, 'y': 0.0, 'z': 0.0}","{'x': 0.0, 'y': 0.0, 'z': 0.26315789473684204}"
2024/05/01 11:07:00.638797913,"{'x': 0.0, 'y': 0.0, 'z': 0.0}","{'x': 0.0, 'y': 0.0, 'z': 0.26315789473684204}"
2024/05/01 11:07:00.688751771,"{'x': 0.0, 'y': 0.0, 'z': 0.0}","{'x': 0.0, 'y': 0.0, 'z': 0.26315789473684204}"
2024/05/01 11:07:00.738751880,"{'x': 0.0, 'y': 0.0, 'z': 0.0}","{'x': 0.0, 'y': 0.0, 'z': 0.1578947368421052}"
2024/05/01 11:07:00.788743118,"{'x': 0.0, 'y': 0.0, 'z': 0.0}","{'x': 0.0, 'y': 0.0, 'z': 0.1578947368421052}"
2024/05/01 11:07:00.838797198,"{'x': 0.0, 'y': 0.0, 'z': 0.0}","{'x': 0.0, 'y': 0.0, 'z': 0.1578947368421052}"
2024/05/01 11:07:00.888736956,"{'x': 0.0, 'y': 0.0, 'z': 0.0}","{'x': 0.0, 'y': 0.0, 'z': 0.1578947368421052}"
2024/05/01 11:07:00.938771836,"{'x': 0.0, 'y': 0.0, 'z': 0.0}","{'x': 0.0, 'y': 0.0, 'z': 0.1578947368421052}"
2024/05/01 11:07:00.988764564,"{'x': 0.0, 'y': 0.0, 'z': 0.0}","{'x': 0.0, 'y': 0.0, 'z': 0.1578947368421052}"
2024/05/01 11:07:01.38795173,"{'x': 0.0, 'y': 0.0, 'z': 0.0}","{'x': 0.0, 'y': 0.0, 'z': 0.1578947368421052}"
2024/05/01 11:07:01.88741480,"{'x': 0.0, 'y': 0.0, 'z': 0.0}","{'x': 0.0, 'y': 0.0, 'z': 0.1578947368421052}"
2024/05/01 11:07:01.138780749,"{'x': 0.0, 'y': 0.0, 'z': 0.0}","{'x': 0.0, 'y': 0.0, 'z': 0.1578947368421052}"
2024/05/01 11:07:01.188749487,"{'x': 0.0, 'y': 0.0, 'z': 0.0}","{'x': 0.0, 'y': 0.0, 'z': 0.1578947368421052}"
2024/05/01 11:07:01.238804965,"{'x': 0.0, 'y': 0.0, 'z': 0.0}","{'x': 0.0, 'y': 0.0, 'z': 0.1578947368421052}"
2024/05/01 11:07:01.288778533,"{'x': 0.0, 'y': 0.0, 'z': 0.0}","{'x': 0.0, 'y': 0.0, 'z': 0.1578947368421052}"
2024/05/01 11:07:01.338779511,"{'x': 0.0, 'y': 0.0, 'z': 0.0}","{'x': 0.0, 'y': 0.0, 'z': 0.1578947368421052}"
2024/05/01 11:07:01.388765228,"{'x': 0.0, 'y': 0.0, 'z': 0.0}","{'x': 0.0, 'y': 0.0, 'z': 0.1578947368421052}"
2024/05/01 11:07:01.438778207,"{'x': 0.0, 'y': 0.0, 'z': 0.0}","{'x': 0.0, 'y': 0.0, 'z': 0.0}"
2024/05/01 11:07:01.488771615,"{'x': 0.0, 'y': 0.0, 'z': 0.0}","{'x': 0.0, 'y': 0.0, 'z': 0.0}"
2024/05/01 11:07:01.538841064,"{'x': 0.0, 'y': 0.0, 'z': 0.0}","{'x': 0.0, 'y': 0.0, 'z': 0.0}"
2024/05/01 11:07:01.588758431,"{'x': 0.0, 'y': 0.0, 'z': 0.0}","{'x': 0.0, 'y': 0.0, 'z': 0.0}"
2024/05/01 11:07:01.638794289,"{'x': 0.0, 'y': 0.0, 'z': 0.0}","{'x': 0.0, 'y': 0.0, 'z': 0.0}"
2024/05/01 11:07:01.688787927,"{'x': 0.0, 'y': 0.0, 'z': 0.0}","{'x': 0.0, 'y': 0.0, 'z': 0.0}"
2024/05/01 11:07:01.738781946,"{'x': 0.0, 'y': 0.0, 'z': 0.0}","{'x': 0.0, 'y': 0.0, 'z': 0.0}"
2024/05/01 11:07:01.788767543,"{'x': 0.0, 'y': 0.0, 'z': 0.0}","{'x': 0.0, 'y': 0.0, 'z': 0.0}"
2024/05/01 11:07:01.838857203,"{'x': 0.125, 'y': 0.0, 'z': 0.0}","{'x': 0.0, 'y': 0.0, 'z': 0.05263157894736836}"
2024/05/01 11:07:01.888727208,"{'x': 0.25, 'y': 0.0, 'z': 0.0}","{'x': 0.0, 'y': 0.0, 'z': 0.05263157894736836}"
2024/05/01 11:07:01.938934890,"{'x': 0.26, 'y': 0.0, 'z': 0.0}","{'x': 0.0, 'y': 0.0, 'z': 0.05263157894736836}"
2024/05/01 11:07:01.988759225,"{'x': 0.26, 'y': 0.0, 'z': 0.0}","{'x': 0.0, 'y': 0.0, 'z': 0.05263157894736836}"
2024/05/01 11:07:02.38820784,"{'x': 0.26, 'y': 0.0, 'z': 0.0}","{'x': 0.0, 'y': 0.0, 'z': 0.05263157894736836}"
2024/05/01 11:07:02.88749019,"{'x': 0.24631578947368427, 'y': 0.0, 'z': 0.0}","{'x': 0.0, 'y': 0.0, 'z': 0.05263157894736836}"
2024/05/01 11:07:02.138775548,"{'x': 0.24631578947368427, 'y': 0.0, 'z': 0.0}","{'x': 0.0, 'y': 0.0, 'z': 0.05263157894736836}"
2024/05/01 11:07:02.188755994,"{'x': 0.23263157894736847, 'y': 0.0, 'z': 0.0}","{'x': 0.0, 'y': 0.0, 'z': 0.05263157894736836}"
2024/05/01 11:07:02.238806272,"{'x': 0.21894736842105267, 'y': 0.0, 'z': 0.0}","{'x': 0.0, 'y': 0.0, 'z': 0.05263157894736836}"
2024/05/01 11:07:02.288775319,"{'x': 0.21894736842105267, 'y': 0.0, 'z': 0.0}","{'x': 0.0, 'y': 0.0, 'z': 0.0}"
2024/05/01 11:07:02.338748186,"{'x': 0.26, 'y': 0.0, 'z': 0.0}","{'x': 0.0, 'y': 0.0, 'z': 0.1578947368421052}"
2024/05/01 11:07:02.388767914,"{'x': 0.26, 'y': 0.0, 'z': 0.0}","{'x': 0.0, 'y': 0.0, 'z': 0.1578947368421052}"
2024/05/01 11:07:02.438810461,"{'x': 0.26, 'y': 0.0, 'z': 0.0}","{'x': 0.0, 'y': 0.0, 'z': 0.0}"
2024/05/01 11:07:02.488761598,"{'x': 0.26, 'y': 0.0, 'z': 0.0}","{'x': 0.0, 'y': 0.0, 'z': 0.0}"
2024/05/01 11:07:02.538804586,"{'x': 0.24631578947368427, 'y': 0.0, 'z': 0.0}","{'x': 0.0, 'y': 0.0, 'z': 0.0}"
2024/05/01 11:07:02.588755732,"{'x': 0.24631578947368427, 'y': 0.0, 'z': 0.0}","{'x': 0.0, 'y': 0.0, 'z': 0.0}"
2024/05/01 11:07:02.638827581,"{'x': 0.26, 'y': 0.0, 'z': 0.0}","{'x': 0.0, 'y': 0.0, 'z': 0.0}"
2024/05/01 11:07:02.688735257,"{'x': 0.26, 'y': 0.0, 'z': 0.0}","{'x': 0.0, 'y': 0.0, 'z': 0.0}"
2024/05/01 11:07:02.738810295,"{'x': 0.24631578947368427, 'y': 0.0, 'z': 0.0}","{'x': 0.0, 'y': 0.0, 'z': 0.0}"
2024/05/01 11:07:02.788772632,"{'x': 0.26, 'y': 0.0, 'z': 0.0}","{'x': 0.0, 'y': 0.0, 'z': 0.1578947368421052}"
2024/05/01 11:07:02.838839781,"{'x': 0.26, 'y': 0.0, 'z': 0.0}","{'x': 0.0, 'y': 0.0, 'z': 0.0}"
2024/05/01 11:07:02.888752576,"{'x': 0.26, 'y': 0.0, 'z': 0.0}","{'x': 0.0, 'y': 0.0, 'z': 0.0}"
2024/05/01 11:07:02.938797924,"{'x': 0.26, 'y': 0.0, 'z': 0.0}","{'x': 0.0, 'y': 0.0, 'z': 0.1578947368421052}"
2024/05/01 11:07:02.988744140,"{'x': 0.26, 'y': 0.0, 'z': 0.0}","{'x': 0.0, 'y': 0.0, 'z': 0.1578947368421052}"
2024/05/01 11:07:03.38818198,"{'x': 0.24631578947368427, 'y': 0.0, 'z': 0.0}","{'x': 0.0, 'y': 0.0, 'z': 0.1578947368421052}"
2024/05/01 11:07:03.88764403,"{'x': 0.24631578947368427, 'y': 0.0, 'z': 0.0}","{'x': 0.0, 'y': 0.0, 'z': 0.05263157894736836}"
2024/05/01 11:07:03.138841211,"{'x': 0.24631578947368427, 'y': 0.0, 'z': 0.0}","{'x': 0.0, 'y': 0.0, 'z': 0.0}"
2024/05/01 11:07:03.188783856,"{'x': 0.26, 'y': 0.0, 'z': 0.0}","{'x': 0.0, 'y': 0.0, 'z': 0.05263157894736836}"
2024/05/01 11:07:03.238802364,"{'x': 0.26, 'y': 0.0, 'z': 0.0}","{'x': 0.0, 'y': 0.0, 'z': 0.05263157894736836}"
2024/05/01 11:07:03.288768569,"{'x': 0.24631578947368427, 'y': 0.0, 'z': 0.0}","{'x': 0.0, 'y': 0.0, 'z': 0.05263157894736836}"
2024/05/01 11:07:03.338854757,"{'x': 0.24631578947368427, 'y': 0.0, 'z': 0.0}","{'x': 0.0, 'y': 0.0, 'z': 0.05263157894736836}"
2024/05/01 11:07:03.388774873,"{'x': 0.26, 'y': 0.0, 'z': 0.0}","{'x': 0.0, 'y': 0.0, 'z': 0.05263157894736836}"
2024/05/01 11:07:03.438843310,"{'x': 0.26, 'y': 0.0, 'z': 0.0}","{'x': 0.0, 'y': 0.0, 'z': 0.05263157894736836}"
2024/05/01 11:07:03.488794216,"{'x': 0.24631578947368427, 'y': 0.0, 'z': 0.0}","{'x': 0.0, 'y': 0.0, 'z': 0.05263157894736836}"
2024/05/01 11:07:03.538827133,"{'x': 0.24631578947368427, 'y': 0.0, 'z': 0.0}","{'x': 0.0, 'y': 0.0, 'z': 0.05263157894736836}"
2024/05/01 11:07:03.588797479,"{'x': 0.26, 'y': 0.0, 'z': 0.0}","{'x': 0.0, 'y': 0.0, 'z': 0.1578947368421052}"
2024/05/01 11:07:03.638857327,"{'x': 0.26, 'y': 0.0, 'z': 0.0}","{'x': 0.0, 'y': 0.0, 'z': 0.1578947368421052}"
2024/05/01 11:07:03.688762381,"{'x': 0.24631578947368427, 'y': 0.0, 'z': 0.0}","{'x': 0.0, 'y': 0.0, 'z': 0.1578947368421052}"
2024/05/01 11:07:03.738819938,"{'x': 0.24631578947368427, 'y': 0.0, 'z': 0.0}","{'x': 0.0, 'y': 0.0, 'z': 0.1578947368421052}"
2024/05/01 11:07:03.788801345,"{'x': 0.26, 'y': 0.0, 'z': 0.0}","{'x': 0.0, 'y': 0.0, 'z': 0.26315789473684204}"
2024/05/01 11:07:03.838828382,"{'x': 0.26, 'y': 0.0, 'z': 0.0}","{'x': 0.0, 'y': 0.0, 'z': 0.26315789473684204}"
2024/05/01 11:07:03.888781648,"{'x': 0.24631578947368427, 'y': 0.0, 'z': 0.0}","{'x': 0.0, 'y': 0.0, 'z': 0.26315789473684204}"
2024/05/01 11:07:03.938808955,"{'x': 0.24631578947368427, 'y': 0.0, 'z': 0.0}","{'x': 0.0, 'y': 0.0, 'z': 0.26315789473684204}"
2024/05/01 11:07:03.988797261,"{'x': 0.26, 'y': 0.0, 'z': 0.0}","{'x': 0.0, 'y': 0.0, 'z': 0.26315789473684204}"
2024/05/01 11:07:04.38804017,"{'x': 0.26, 'y': 0.0, 'z': 0.0}","{'x': 0.0, 'y': 0.0, 'z': 0.26315789473684204}"
2024/05/01 11:07:04.88758662,"{'x': 0.24631578947368427, 'y': 0.0, 'z': 0.0}","{'x': 0.0, 'y': 0.0, 'z': 0.26315789473684204}"
2024/05/01 11:07:04.138830009,"{'x': 0.24631578947368427, 'y': 0.0, 'z': 0.0}","{'x': 0.0, 'y': 0.0, 'z': 0.26315789473684204}"
2024/05/01 11:07:04.188781894,"{'x': 0.26, 'y': 0.0, 'z': 0.0}","{'x': 0.0, 'y': 0.0, 'z': 0.26315789473684204}"
2024/05/01 11:07:04.238858931,"{'x': 0.26, 'y': 0.0, 'z': 0.0}","{'x': 0.0, 'y': 0.0, 'z': 0.36842105263157887}"
2024/05/01 11:07:04.288764095,"{'x': 0.26, 'y': 0.0, 'z': 0.0}","{'x': 0.0, 'y': 0.0, 'z': 0.36842105263157887}"
2024/05/01 11:07:04.338922203,"{'x': 0.24631578947368427, 'y': 0.0, 'z': 0.0}","{'x': 0.0, 'y': 0.0, 'z': 0.26315789473684204}"
2024/05/01 11:07:04.388779487,"{'x': 0.26, 'y': 0.0, 'z': 0.0}","{'x': 0.0, 'y': 0.0, 'z': 0.26315789473684204}"
2024/05/01 11:07:04.438849684,"{'x': 0.26, 'y': 0.0, 'z': 0.0}","{'x': 0.0, 'y': 0.0, 'z': 0.26315789473684204}"
2024/05/01 11:07:04.488797139,"{'x': 0.26, 'y': 0.0, 'z': 0.0}","{'x': 0.0, 'y': 0.0, 'z': 0.26315789473684204}"
2024/05/01 11:07:04.538816055,"{'x': 0.24631578947368427, 'y': 0.0, 'z': 0.0}","{'x': 0.0, 'y': 0.0, 'z': 0.26315789473684204}"
2024/05/01 11:07:04.588783000,"{'x': 0.26, 'y': 0.0, 'z': 0.0}","{'x': 0.0, 'y': 0.0, 'z': 0.26315789473684204}"
2024/05/01 11:07:04.638851657,"{'x': 0.26, 'y': 0.0, 'z': 0.0}","{'x': 0.0, 'y': 0.0, 'z': 0.26315789473684204}"
2024/05/01 11:07:04.688792542,"{'x': 0.26, 'y': 0.0, 'z': 0.0}","{'x': 0.0, 'y': 0.0, 'z': 0.26315789473684204}"
2024/05/01 11:07:04.738812268,"{'x': 0.26, 'y': 0.0, 'z': 0.0}","{'x': 0.0, 'y': 0.0, 'z': 0.26315789473684204}"
2024/05/01 11:07:04.788791723,"{'x': 0.26, 'y': 0.0, 'z': 0.0}","{'x': 0.0, 'y': 0.0, 'z': 0.26315789473684204}"
2024/05/01 11:07:04.838847950,"{'x': 0.26, 'y': 0.0, 'z': 0.0}","{'x': 0.0, 'y': 0.0, 'z': 0.26315789473684204}"
2024/05/01 11:07:04.888772955,"{'x': 0.24631578947368427, 'y': 0.0, 'z': 0.0}","{'x': 0.0, 'y': 0.0, 'z': 0.26315789473684204}"
2024/05/01 11:07:04.938829211,"{'x': 0.24631578947368427, 'y': 0.0, 'z': 0.0}","{'x': 0.0, 'y': 0.0, 'z': 0.26315789473684204}"
2024/05/01 11:07:04.988880208,"{'x': 0.26, 'y': 0.0, 'z': 0.0}","{'x': 0.0, 'y': 0.0, 'z': 0.36842105263157887}"
2024/05/01 11:07:05.38851803,"{'x': 0.26, 'y': 0.0, 'z': 0.0}","{'x': 0.0, 'y': 0.0, 'z': 0.36842105263157887}"
2024/05/01 11:07:05.88767816,"{'x': 0.26, 'y': 0.0, 'z': 0.0}","{'x': 0.0, 'y': 0.0, 'z': 0.26315789473684204}"
2024/05/01 11:07:05.138870573,"{'x': 0.26, 'y': 0.0, 'z': 0.0}","{'x': 0.0, 'y': 0.0, 'z': 0.26315789473684204}"
2024/05/01 11:07:05.188841957,"{'x': 0.24631578947368427, 'y': 0.0, 'z': 0.0}","{'x': 0.0, 'y': 0.0, 'z': 0.26315789473684204}"
2024/05/01 11:07:05.238938324,"{'x': 0.24631578947368427, 'y': 0.0, 'z': 0.0}","{'x': 0.0, 'y': 0.0, 'z': 0.26315789473684204}"
2024/05/01 11:07:05.288811737,"{'x': 0.23263157894736847, 'y': 0.0, 'z': 0.0}","{'x': 0.0, 'y': 0.0, 'z': 0.26315789473684204}"
2024/05/01 11:07:05.338837412,"{'x': 0.23263157894736847, 'y': 0.0, 'z': 0.0}","{'x': 0.0, 'y': 0.0, 'z': 0.26315789473684204}"
2024/05/01 11:07:05.388816427,"{'x': 0.26, 'y': 0.0, 'z': 0.0}","{'x': 0.0, 'y': 0.0, 'z': 0.26315789473684204}"
2024/05/01 11:07:05.438874103,"{'x': 0.24631578947368427, 'y': 0.0, 'z': 0.0}","{'x': 0.0, 'y': 0.0, 'z': 0.26315789473684204}"
2024/05/01 11:07:05.488867857,"{'x': 0.23263157894736847, 'y': 0.0, 'z': 0.0}","{'x': 0.0, 'y': 0.0, 'z': 0.26315789473684204}"
2024/05/01 11:07:05.538848092,"{'x': 0.23263157894736847, 'y': 0.0, 'z': 0.0}","{'x': 0.0, 'y': 0.0, 'z': 0.26315789473684204}"
2024/05/01 11:07:05.588847537,"{'x': 0.21894736842105267, 'y': 0.0, 'z': 0.0}","{'x': 0.0, 'y': 0.0, 'z': 0.26315789473684204}"
2024/05/01 11:07:05.638854552,"{'x': 0.21894736842105267, 'y': 0.0, 'z': 0.0}","{'x': 0.0, 'y': 0.0, 'z': 0.26315789473684204}"
2024/05/01 11:07:05.688780626,"{'x': 0.21894736842105267, 'y': 0.0, 'z': 0.0}","{'x': 0.0, 'y': 0.0, 'z': 0.26315789473684204}"
2024/05/01 11:07:05.738813771,"{'x': 0.20526315789473687, 'y': 0.0, 'z': 0.0}","{'x': 0.0, 'y': 0.0, 'z': 0.26315789473684204}"
2024/05/01 11:07:05.788830637,"{'x': 0.20526315789473687, 'y': 0.0, 'z': 0.0}","{'x': 0.0, 'y': 0.0, 'z': 0.26315789473684204}"
2024/05/01 11:07:05.838902463,"{'x': 0.19157894736842107, 'y': 0.0, 'z': 0.0}","{'x': 0.0, 'y': 0.0, 'z': 0.26315789473684204}"
2024/05/01 11:07:05.888802106,"{'x': 0.19157894736842107, 'y': 0.0, 'z': 0.0}","{'x': 0.0, 'y': 0.0, 'z': 0.26315789473684204}"
2024/05/01 11:07:05.938919423,"{'x': 0.17789473684210527, 'y': 0.0, 'z': 0.0}","{'x': 0.0, 'y': 0.0, 'z': 0.26315789473684204}"
2024/05/01 11:07:05.988807466,"{'x': 0.17789473684210527, 'y': 0.0, 'z': 0.0}","{'x': 0.0, 'y': 0.0, 'z': 0.26315789473684204}"
2024/05/01 11:07:06.38852271,"{'x': 0.17789473684210527, 'y': 0.0, 'z': 0.0}","{'x': 0.0, 'y': 0.0, 'z': 0.1578947368421052}"
2024/05/01 11:07:06.88781325,"{'x': 0.16421052631578947, 'y': 0.0, 'z': 0.0}","{'x': 0.0, 'y': 0.0, 'z': 0.1578947368421052}"
2024/05/01 11:07:06.138909121,"{'x': 0.15052631578947367, 'y': 0.0, 'z': 0.0}","{'x': 0.0, 'y': 0.0, 'z': 0.1578947368421052}"
2024/05/01 11:07:06.188818654,"{'x': 0.15052631578947367, 'y': 0.0, 'z': 0.0}","{'x': 0.0, 'y': 0.0, 'z': 0.1578947368421052}"
2024/05/01 11:07:06.238855458,"{'x': 0.15052631578947367, 'y': 0.0, 'z': 0.0}","{'x': 0.0, 'y': 0.0, 'z': 0.1578947368421052}"
2024/05/01 11:07:06.288873273,"{'x': 0.15052631578947367, 'y': 0.0, 'z': 0.0}","{'x': 0.0, 'y': 0.0, 'z': 0.1578947368421052}"
2024/05/01 11:07:06.338852567,"{'x': 0.13684210526315788, 'y': 0.0, 'z': 0.0}","{'x': 0.0, 'y': 0.0, 'z': 0.1578947368421052}"
2024/05/01 11:07:06.388807410,"{'x': 0.13684210526315788, 'y': 0.0, 'z': 0.0}","{'x': 0.0, 'y': 0.0, 'z': 0.1578947368421052}"
2024/05/01 11:07:06.438867065,"{'x': 0.13684210526315788, 'y': 0.0, 'z': 0.0}","{'x': 0.0, 'y': 0.0, 'z': 0.1578947368421052}"
2024/05/01 11:07:06.488811039,"{'x': 0.13684210526315788, 'y': 0.0, 'z': 0.0}","{'x': 0.0, 'y': 0.0, 'z': 0.1578947368421052}"
2024/05/01 11:07:06.538844444,"{'x': 0.12315789473684209, 'y': 0.0, 'z': 0.0}","{'x': 0.0, 'y': 0.0, 'z': 0.1578947368421052}"
2024/05/01 11:07:06.588834507,"{'x': 0.0, 'y': 0.0, 'z': 0.0}","{'x': 0.0, 'y': 0.0, 'z': 0.31789473684210523}"
2024/05/01 11:07:06.638863462,"{'x': 0.0, 'y': 0.0, 'z': 0.0}","{'x': 0.0, 'y': 0.0, 'z': 0.47789473684210526}"
2024/05/01 11:07:06.688803846,"{'x': 0.0, 'y': 0.0, 'z': 0.0}","{'x': 0.0, 'y': 0.0, 'z': 0.6378947368421053}"
2024/05/01 11:07:06.738849711,"{'x': 0.0, 'y': 0.0, 'z': 0.0}","{'x': 0.0, 'y': 0.0, 'z': 0.6842105263157894}"
2024/05/01 11:07:06.788852865,"{'x': 0.0, 'y': 0.0, 'z': 0.0}","{'x': 0.0, 'y': 0.0, 'z': 0.5789473684210525}"
2024/05/01 11:07:06.838896810,"{'x': 0.0, 'y': 0.0, 'z': 0.0}","{'x': 0.0, 'y': 0.0, 'z': 0.5789473684210525}"
2024/05/01 11:07:06.888824593,"{'x': 0.0, 'y': 0.0, 'z': 0.0}","{'x': 0.0, 'y': 0.0, 'z': 0.5789473684210525}"
2024/05/01 11:07:06.938854897,"{'x': 0.0, 'y': 0.0, 'z': 0.0}","{'x': 0.0, 'y': 0.0, 'z': 0.5789473684210525}"
2024/05/01 11:07:06.988829601,"{'x': 0.0, 'y': 0.0, 'z': 0.0}","{'x': 0.0, 'y': 0.0, 'z': 0.5789473684210525}"
2024/05/01 11:07:07.39048338,"{'x': 0.0, 'y': 0.0, 'z': 0.0}","{'x': 0.0, 'y': 0.0, 'z': 0.5789473684210525}"
2024/05/01 11:07:07.88828159,"{'x': 0.0, 'y': 0.0, 'z': 0.0}","{'x': 0.0, 'y': 0.0, 'z': 0.4736842105263157}"
2024/05/01 11:07:07.138903103,"{'x': 0.0, 'y': 0.0, 'z': 0.0}","{'x': 0.0, 'y': 0.0, 'z': 0.4736842105263157}"
2024/05/01 11:07:07.188839176,"{'x': 0.0, 'y': 0.0, 'z': 0.0}","{'x': 0.0, 'y': 0.0, 'z': 0.4736842105263157}"
2024/05/01 11:07:07.238865980,"{'x': 0.0, 'y': 0.0, 'z': 0.0}","{'x': 0.0, 'y': 0.0, 'z': 0.4736842105263157}"
2024/05/01 11:07:07.288827212,"{'x': 0.0, 'y': 0.0, 'z': 0.0}","{'x': 0.0, 'y': 0.0, 'z': 0.4736842105263157}"
2024/05/01 11:07:07.338863376,"{'x': 0.0, 'y': 0.0, 'z': 0.0}","{'x': 0.0, 'y': 0.0, 'z': 0.4736842105263157}"
2024/05/01 11:07:07.388813289,"{'x': 0.0, 'y': 0.0, 'z': 0.0}","{'x': 0.0, 'y': 0.0, 'z': 0.36842105263157887}"
2024/05/01 11:07:07.438922154,"{'x': 0.0, 'y': 0.0, 'z': 0.0}","{'x': 0.0, 'y': 0.0, 'z': 0.36842105263157887}"
2024/05/01 11:07:07.488928118,"{'x': 0.0, 'y': 0.0, 'z': 0.0}","{'x': 0.0, 'y': 0.0, 'z': 0.36842105263157887}"
2024/05/01 11:07:07.538893831,"{'x': 0.0, 'y': 0.0, 'z': 0.0}","{'x': 0.0, 'y': 0.0, 'z': 0.36842105263157887}"
2024/05/01 11:07:07.588849604,"{'x': 0.0, 'y': 0.0, 'z': 0.0}","{'x': 0.0, 'y': 0.0, 'z': 0.36842105263157887}"
2024/05/01 11:07:07.638911699,"{'x': 0.0, 'y': 0.0, 'z': 0.0}","{'x': 0.0, 'y': 0.0, 'z': 0.36842105263157887}"
2024/05/01 11:07:07.688858391,"{'x': 0.0, 'y': 0.0, 'z': 0.0}","{'x': 0.0, 'y': 0.0, 'z': 0.36842105263157887}"
2024/05/01 11:07:07.738870114,"{'x': 0.0, 'y': 0.0, 'z': 0.0}","{'x': 0.0, 'y': 0.0, 'z': 0.36842105263157887}"
2024/05/01 11:07:07.788846818,"{'x': 0.0, 'y': 0.0, 'z': 0.0}","{'x': 0.0, 'y': 0.0, 'z': 0.36842105263157887}"
2024/05/01 11:07:07.838937773,"{'x': 0.0, 'y': 0.0, 'z': 0.0}","{'x': 0.0, 'y': 0.0, 'z': 0.36842105263157887}"
2024/05/01 11:07:07.888907706,"{'x': 0.0, 'y': 0.0, 'z': 0.0}","{'x': 0.0, 'y': 0.0, 'z': 0.36842105263157887}"
2024/05/01 11:07:07.938890169,"{'x': 0.0, 'y': 0.0, 'z': 0.0}","{'x': 0.0, 'y': 0.0, 'z': 0.26315789473684204}"
2024/05/01 11:07:07.988862962,"{'x': 0.0, 'y': 0.0, 'z': 0.0}","{'x': 0.0, 'y': 0.0, 'z': 0.26315789473684204}"
2024/05/01 11:07:08.38869875,"{'x': 0.0, 'y': 0.0, 'z': 0.0}","{'x': 0.0, 'y': 0.0, 'z': 0.26315789473684204}"
2024/05/01 11:07:08.88824747,"{'x': 0.0, 'y': 0.0, 'z': 0.0}","{'x': 0.0, 'y': 0.0, 'z': 0.26315789473684204}"
2024/05/01 11:07:08.138904191,"{'x': 0.0, 'y': 0.0, 'z': 0.0}","{'x': 0.0, 'y': 0.0, 'z': 0.26315789473684204}"
2024/05/01 11:07:08.188872253,"{'x': 0.0, 'y': 0.0, 'z': 0.0}","{'x': 0.0, 'y': 0.0, 'z': 0.26315789473684204}"
2024/05/01 11:07:08.238910467,"{'x': 0.0, 'y': 0.0, 'z': 0.0}","{'x': 0.0, 'y': 0.0, 'z': 0.26315789473684204}"
2024/05/01 11:07:08.288824618,"{'x': 0.0, 'y': 0.0, 'z': 0.0}","{'x': 0.0, 'y': 0.0, 'z': 0.26315789473684204}"
2024/05/01 11:07:08.338863961,"{'x': 0.0, 'y': 0.0, 'z': 0.0}","{'x': 0.0, 'y': 0.0, 'z': 0.26315789473684204}"
2024/05/01 11:07:08.388881104,"{'x': 0.0, 'y': 0.0, 'z': 0.0}","{'x': 0.0, 'y': 0.0, 'z': 0.26315789473684204}"
2024/05/01 11:07:08.438931728,"{'x': 0.0, 'y': 0.0, 'z': 0.0}","{'x': 0.0, 'y': 0.0, 'z': 0.26315789473684204}"
2024/05/01 11:07:08.488863909,"{'x': 0.0, 'y': 0.0, 'z': 0.0}","{'x': 0.0, 'y': 0.0, 'z': 0.26315789473684204}"
2024/05/01 11:07:08.538833242,"{'x': 0.0, 'y': 0.0, 'z': 0.0}","{'x': 0.0, 'y': 0.0, 'z': 0.26315789473684204}"
2024/05/01 11:07:08.588845944,"{'x': 0.0, 'y': 0.0, 'z': 0.0}","{'x': 0.0, 'y': 0.0, 'z': 0.26315789473684204}"
2024/05/01 11:07:08.638933959,"{'x': 0.0, 'y': 0.0, 'z': 0.0}","{'x': 0.0, 'y': 0.0, 'z': 0.1578947368421052}"
2024/05/01 11:07:08.688924841,"{'x': 0.0, 'y': 0.0, 'z': 0.0}","{'x': 0.0, 'y': 0.0, 'z': 0.1578947368421052}"
2024/05/01 11:07:08.738844092,"{'x': 0.0, 'y': 0.0, 'z': 0.0}","{'x': 0.0, 'y': 0.0, 'z': 0.1578947368421052}"
2024/05/01 11:07:08.788841795,"{'x': 0.0, 'y': 0.0, 'z': 0.0}","{'x': 0.0, 'y': 0.0, 'z': 0.1578947368421052}"
2024/05/01 11:07:08.838909279,"{'x': 0.0, 'y': 0.0, 'z': 0.0}","{'x': 0.0, 'y': 0.0, 'z': 0.1578947368421052}"
2024/05/01 11:07:08.888845451,"{'x': 0.0, 'y': 0.0, 'z': 0.0}","{'x': 0.0, 'y': 0.0, 'z': 0.1578947368421052}"
2024/05/01 11:07:08.938831823,"{'x': 0.0, 'y': 0.0, 'z': 0.0}","{'x': 0.0, 'y': 0.0, 'z': 0.1578947368421052}"
2024/05/01 11:07:08.988857767,"{'x': 0.0, 'y': 0.0, 'z': 0.0}","{'x': 0.0, 'y': 0.0, 'z': 0.1578947368421052}"
2024/05/01 11:07:09.38927150,"{'x': 0.0, 'y': 0.0, 'z': 0.0}","{'x': 0.0, 'y': 0.0, 'z': 0.1578947368421052}"
2024/05/01 11:07:09.88832840,"{'x': 0.0, 'y': 0.0, 'z': 0.0}","{'x': 0.0, 'y': 0.0, 'z': 0.1578947368421052}"
2024/05/01 11:07:09.138900153,"{'x': 0.0, 'y': 0.0, 'z': 0.0}","{'x': 0.0, 'y': 0.0, 'z': 0.1578947368421052}"
2024/05/01 11:07:09.188943766,"{'x': 0.0, 'y': 0.0, 'z': 0.0}","{'x': 0.0, 'y': 0.0, 'z': 0.1578947368421052}"
2024/05/01 11:07:09.238934638,"{'x': 0.0, 'y': 0.0, 'z': 0.0}","{'x': 0.0, 'y': 0.0, 'z': 0.1578947368421052}"
2024/05/01 11:07:09.288843338,"{'x': 0.0, 'y': 0.0, 'z': 0.0}","{'x': 0.0, 'y': 0.0, 'z': 0.1578947368421052}"
2024/05/01 11:07:09.338809599,"{'x': 0.0, 'y': 0.0, 'z': 0.0}","{'x': 0.0, 'y': 0.0, 'z': 0.0}"
2024/05/01 11:07:09.388855472,"{'x': 0.0, 'y': 0.0, 'z': 0.0}","{'x': 0.0, 'y': 0.0, 'z': 0.0}"
2024/05/01 11:07:09.438938156,"{'x': 0.0, 'y': 0.0, 'z': 0.0}","{'x': 0.0, 'y': 0.0, 'z': 0.0}"
2024/05/01 11:07:09.488928747,"{'x': 0.0, 'y': 0.0, 'z': 0.0}","{'x': 0.0, 'y': 0.0, 'z': 0.0}"
2024/05/01 11:07:09.538903169,"{'x': 0.0, 'y': 0.0, 'z': 0.0}","{'x': 0.0, 'y': 0.0, 'z': 0.0}"
2024/05/01 11:07:09.588887381,"{'x': 0.0, 'y': 0.0, 'z': 0.0}","{'x': 0.0, 'y': 0.0, 'z': 0.0}"
2024/05/01 11:07:09.638932523,"{'x': 0.0, 'y': 0.0, 'z': 0.0}","{'x': 0.0, 'y': 0.0, 'z': 0.0}"
2024/05/01 11:07:09.688896145,"{'x': 0.0, 'y': 0.0, 'z': 0.0}","{'x': 0.0, 'y': 0.0, 'z': 0.0}"
2024/05/01 11:07:09.738935507,"{'x': 0.0, 'y': 0.0, 'z': 0.0}","{'x': 0.0, 'y': 0.0, 'z': 0.0}"
2024/05/01 11:07:09.788879349,"{'x': 0.0, 'y': 0.0, 'z': 0.0}","{'x': 0.0, 'y': 0.0, 'z': 0.0}"
2024/05/01 11:07:09.838989332,"{'x': 0.0, 'y': 0.0, 'z': 0.0}","{'x': 0.0, 'y': 0.0, 'z': 0.0}"
2024/05/01 11:07:09.888852302,"{'x': 0.0, 'y': 0.0, 'z': 0.0}","{'x': 0.0, 'y': 0.0, 'z': 0.0}"
2024/05/01 11:07:09.938941136,"{'x': 0.0, 'y': 0.0, 'z': 0.0}","{'x': 0.0, 'y': 0.0, 'z': 0.0}"
2024/05/01 11:07:09.988876177,"{'x': 0.0, 'y': 0.0, 'z': 0.0}","{'x': 0.0, 'y': 0.0, 'z': 0.0}"
2024/05/01 11:07:10.38950309,"{'x': 0.0, 'y': 0.0, 'z': 0.0}","{'x': 0.0, 'y': 0.0, 'z': 0.0}"
2024/05/01 11:07:10.88879109,"{'x': 0.0, 'y': 0.0, 'z': 0.0}","{'x': 0.0, 'y': 0.0, 'z': 0.0}"
2024/05/01 11:07:10.138868720,"{'x': 0.0, 'y': 0.0, 'z': 0.0}","{'x': 0.0, 'y': 0.0, 'z': 0.0}"
2024/05/01 11:07:10.188926642,"{'x': 0.0, 'y': 0.0, 'z': 0.0}","{'x': 0.0, 'y': 0.0, 'z': 0.0}"
2024/05/01 11:07:10.238958044,"{'x': 0.0, 'y': 0.0, 'z': 0.0}","{'x': 0.0, 'y': 0.0, 'z': 0.0}"
2024/05/01 11:07:10.288905375,"{'x': 0.0, 'y': 0.0, 'z': 0.0}","{'x': 0.0, 'y': 0.0, 'z': 0.0}"
2024/05/01 11:07:10.338921056,"{'x': 0.0, 'y': 0.0, 'z': 0.0}","{'x': 0.0, 'y': 0.0, 'z': 0.0}"
2024/05/01 11:07:10.388883927,"{'x': 0.0, 'y': 0.0, 'z': 0.0}","{'x': 0.0, 'y': 0.0, 'z': 0.0}"
